country_name,country_code,year,Estimated polio cases
Afghanistan,AFG,2000,840.0
Afghanistan,AFG,2001,22.0
Afghanistan,AFG,2002,11.1
Afghanistan,AFG,2003,8.88
Afghanistan,AFG,2004,4.44
Afghanistan,AFG,2005,9.99
Afghanistan,AFG,2006,34.41
Afghanistan,AFG,2007,18.87
Afghanistan,AFG,2008,34.41
Afghanistan,AFG,2009,42.18
Afghanistan,AFG,2010,33.3
Afghanistan,AFG,2011,89.91
Afghanistan,AFG,2012,51.06
Afghanistan,AFG,2013,18.87
Afghanistan,AFG,2014,31.08
Afghanistan,AFG,2015,22.2
Afghanistan,AFG,2016,14.43
Afghanistan,AFG,2017,15.54
Afghanistan,AFG,2018,23.31
Afghanistan,AFG,2019,32.19
Afghanistan,AFG,2020,404.04
Africa,,2000,14294.0
Africa,,2001,581.0
Africa,,2002,1554.0
Africa,,2003,3129.0
Africa,,2004,7434.0
Africa,,2005,7665.0
Africa,,2006,8729.0
Africa,,2007,3108.0
Africa,,2008,7161.0
Africa,,2009,6328.0
Africa,,2010,4970.0
Africa,,2011,2842.0
Africa,,2012,1183.0
Africa,,2013,2009.0
Africa,,2014,392.0
Africa,,2015,126.0
Africa,,2016,35.0
Africa,,2017,154.0
Africa,,2018,546.0
Africa,,2019,2317.0
Africa,,2020,4452.0
Albania,ALB,2000,0.0
Albania,ALB,2001,0.0
Albania,ALB,2002,0.0
Albania,ALB,2003,0.0
Albania,ALB,2004,0.0
Albania,ALB,2005,0.0
Albania,ALB,2006,0.0
Albania,ALB,2007,0.0
Albania,ALB,2008,0.0
Albania,ALB,2009,0.0
Albania,ALB,2010,0.0
Albania,ALB,2011,0.0
Albania,ALB,2012,0.0
Albania,ALB,2013,0.0
Albania,ALB,2014,0.0
Albania,ALB,2015,0.0
Albania,ALB,2016,0.0
Albania,ALB,2017,0.0
Albania,ALB,2018,0.0
Albania,ALB,2019,0.0
Albania,ALB,2020,0.0
Algeria,DZA,2000,0.0
Algeria,DZA,2001,2.0
Algeria,DZA,2002,0.0
Algeria,DZA,2003,0.0
Algeria,DZA,2004,0.0
Algeria,DZA,2005,0.0
Algeria,DZA,2006,0.0
Algeria,DZA,2007,0.0
Algeria,DZA,2008,0.0
Algeria,DZA,2009,0.0
Algeria,DZA,2010,0.0
Algeria,DZA,2011,0.0
Algeria,DZA,2012,0.0
Algeria,DZA,2013,0.0
Algeria,DZA,2014,0.0
Algeria,DZA,2015,0.0
Algeria,DZA,2016,0.0
Algeria,DZA,2017,0.0
Algeria,DZA,2018,0.0
Algeria,DZA,2019,0.0
Algeria,DZA,2020,0.0
Andorra,AND,2000,0.0
Andorra,AND,2001,0.0
Andorra,AND,2002,0.0
Andorra,AND,2003,0.0
Andorra,AND,2004,0.0
Andorra,AND,2005,0.0
Andorra,AND,2006,0.0
Andorra,AND,2007,0.0
Andorra,AND,2008,0.0
Andorra,AND,2009,0.0
Andorra,AND,2010,0.0
Andorra,AND,2011,0.0
Andorra,AND,2012,0.0
Andorra,AND,2013,0.0
Andorra,AND,2014,0.0
Andorra,AND,2015,0.0
Andorra,AND,2016,0.0
Andorra,AND,2017,0.0
Andorra,AND,2018,0.0
Andorra,AND,2019,0.0
Andorra,AND,2020,0.0
Angola,AGO,2000,805.0
Angola,AGO,2001,2.0
Angola,AGO,2002,0.0
Angola,AGO,2003,0.0
Angola,AGO,2004,0.0
Angola,AGO,2005,11.1
Angola,AGO,2006,2.22
Angola,AGO,2007,8.88
Angola,AGO,2008,32.19
Angola,AGO,2009,32.19
Angola,AGO,2010,36.63
Angola,AGO,2011,5.55
Angola,AGO,2012,0.0
Angola,AGO,2013,0.0
Angola,AGO,2014,0.0
Angola,AGO,2015,0.0
Angola,AGO,2016,0.0
Angola,AGO,2017,0.0
Angola,AGO,2018,0.0
Angola,AGO,2019,153.18
Angola,AGO,2020,6.0
Antigua and Barbuda,ATG,2000,0.0
Argentina,ARG,2000,0.0
Argentina,ARG,2001,0.0
Argentina,ARG,2002,0.0
Argentina,ARG,2003,0.0
Argentina,ARG,2004,0.0
Argentina,ARG,2005,0.0
Argentina,ARG,2006,0.0
Argentina,ARG,2007,0.0
Argentina,ARG,2008,0.0
Argentina,ARG,2009,0.0
Argentina,ARG,2010,0.0
Argentina,ARG,2011,0.0
Argentina,ARG,2012,0.0
Argentina,ARG,2013,0.0
Argentina,ARG,2014,0.0
Argentina,ARG,2015,0.0
Argentina,ARG,2016,0.0
Argentina,ARG,2017,0.0
Argentina,ARG,2018,0.0
Argentina,ARG,2019,0.0
Argentina,ARG,2020,0.0
Armenia,ARM,2000,0.0
Armenia,ARM,2001,0.0
Armenia,ARM,2002,0.0
Armenia,ARM,2003,0.0
Armenia,ARM,2004,0.0
Armenia,ARM,2005,0.0
Armenia,ARM,2006,0.0
Armenia,ARM,2007,0.0
Armenia,ARM,2008,0.0
Armenia,ARM,2009,0.0
Armenia,ARM,2010,0.0
Armenia,ARM,2011,0.0
Armenia,ARM,2012,0.0
Armenia,ARM,2013,0.0
Armenia,ARM,2014,0.0
Armenia,ARM,2015,0.0
Armenia,ARM,2016,0.0
Armenia,ARM,2017,0.0
Armenia,ARM,2018,0.0
Armenia,ARM,2019,0.0
Armenia,ARM,2020,0.0
Asia,,2000,6419.0
Asia,,2001,2814.0
Asia,,2002,11900.0
Asia,,2003,2359.0
Asia,,2004,1365.0
Asia,,2005,6545.0
Asia,,2006,5425.0
Asia,,2007,6601.0
Asia,,2008,4991.0
Asia,,2009,6181.0
Asia,,2010,4816.0
Asia,,2011,2170.0
Asia,,2012,868.0
Asia,,2013,1358.0
Asia,,2014,2513.0
Asia,,2015,602.0
Asia,,2016,259.0
Asia,,2017,672.0
Asia,,2018,238.0
Asia,,2019,1561.0
Asia,,2020,4319.0
Australia,AUS,2000,0.0
Australia,AUS,2001,0.0
Australia,AUS,2002,0.0
Australia,AUS,2003,0.0
Australia,AUS,2004,0.0
Australia,AUS,2005,0.0
Australia,AUS,2006,0.0
Australia,AUS,2007,0.0
Australia,AUS,2008,0.0
Australia,AUS,2009,0.0
Australia,AUS,2010,0.0
Australia,AUS,2011,0.0
Australia,AUS,2012,0.0
Australia,AUS,2013,0.0
Australia,AUS,2014,0.0
Australia,AUS,2015,0.0
Australia,AUS,2016,0.0
Australia,AUS,2017,0.0
Australia,AUS,2018,0.0
Australia,AUS,2019,0.0
Australia,AUS,2020,0.0
Austria,AUT,2000,0.0
Austria,AUT,2001,0.0
Austria,AUT,2002,0.0
Austria,AUT,2003,0.0
Austria,AUT,2004,0.0
Austria,AUT,2005,0.0
Austria,AUT,2006,0.0
Austria,AUT,2007,0.0
Austria,AUT,2008,0.0
Austria,AUT,2009,0.0
Austria,AUT,2010,0.0
Austria,AUT,2011,0.0
Austria,AUT,2012,0.0
Austria,AUT,2013,0.0
Austria,AUT,2014,0.0
Austria,AUT,2015,0.0
Austria,AUT,2016,0.0
Austria,AUT,2017,0.0
Austria,AUT,2018,0.0
Austria,AUT,2019,0.0
Austria,AUT,2020,0.0
Azerbaijan,AZE,2000,0.0
Azerbaijan,AZE,2001,0.0
Azerbaijan,AZE,2002,0.0
Azerbaijan,AZE,2003,0.0
Azerbaijan,AZE,2004,0.0
Azerbaijan,AZE,2005,0.0
Azerbaijan,AZE,2006,0.0
Azerbaijan,AZE,2007,0.0
Azerbaijan,AZE,2008,0.0
Azerbaijan,AZE,2009,0.0
Azerbaijan,AZE,2010,0.0
Azerbaijan,AZE,2011,0.0
Azerbaijan,AZE,2012,0.0
Azerbaijan,AZE,2013,0.0
Azerbaijan,AZE,2014,0.0
Azerbaijan,AZE,2015,0.0
Azerbaijan,AZE,2016,0.0
Azerbaijan,AZE,2017,0.0
Azerbaijan,AZE,2018,0.0
Azerbaijan,AZE,2019,0.0
Azerbaijan,AZE,2020,0.0
Bahamas,BHS,2000,0.0
Bahrain,BHR,2000,0.0
Bahrain,BHR,2001,0.0
Bahrain,BHR,2002,0.0
Bahrain,BHR,2003,0.0
Bahrain,BHR,2004,0.0
Bahrain,BHR,2005,0.0
Bahrain,BHR,2006,0.0
Bahrain,BHR,2007,0.0
Bahrain,BHR,2008,0.0
Bahrain,BHR,2009,0.0
Bahrain,BHR,2010,0.0
Bahrain,BHR,2011,0.0
Bahrain,BHR,2012,0.0
Bahrain,BHR,2013,0.0
Bahrain,BHR,2014,0.0
Bahrain,BHR,2015,0.0
Bahrain,BHR,2016,0.0
Bahrain,BHR,2017,0.0
Bahrain,BHR,2018,0.0
Bahrain,BHR,2019,0.0
Bahrain,BHR,2020,0.0
Bangladesh,BGD,2000,1386.0
Bangladesh,BGD,2001,0.0
Bangladesh,BGD,2002,0.0
Bangladesh,BGD,2003,0.0
Bangladesh,BGD,2004,0.0
Bangladesh,BGD,2005,0.0
Bangladesh,BGD,2006,19.98
Bangladesh,BGD,2007,0.0
Bangladesh,BGD,2008,0.0
Bangladesh,BGD,2009,0.0
Bangladesh,BGD,2010,0.0
Bangladesh,BGD,2011,0.0
Bangladesh,BGD,2012,0.0
Bangladesh,BGD,2013,0.0
Bangladesh,BGD,2014,0.0
Bangladesh,BGD,2015,0.0
Bangladesh,BGD,2016,0.0
Bangladesh,BGD,2017,0.0
Bangladesh,BGD,2018,0.0
Bangladesh,BGD,2019,0.0
Bangladesh,BGD,2020,0.0
Barbados,BRB,2000,0.0
Belarus,BLR,2000,0.0
Belarus,BLR,2001,0.0
Belarus,BLR,2002,0.0
Belarus,BLR,2003,0.0
Belarus,BLR,2004,0.0
Belarus,BLR,2005,0.0
Belarus,BLR,2006,0.0
Belarus,BLR,2007,0.0
Belarus,BLR,2008,0.0
Belarus,BLR,2009,0.0
Belarus,BLR,2010,0.0
Belarus,BLR,2011,0.0
Belarus,BLR,2012,0.0
Belarus,BLR,2013,0.0
Belarus,BLR,2014,0.0
Belarus,BLR,2015,0.0
Belarus,BLR,2016,0.0
Belarus,BLR,2017,0.0
Belarus,BLR,2018,0.0
Belarus,BLR,2019,0.0
Belarus,BLR,2020,0.0
Belgium,BEL,2000,0.0
Belgium,BEL,2001,0.0
Belgium,BEL,2002,0.0
Belgium,BEL,2003,0.0
Belgium,BEL,2004,0.0
Belgium,BEL,2005,0.0
Belgium,BEL,2006,0.0
Belgium,BEL,2007,0.0
Belgium,BEL,2008,0.0
Belgium,BEL,2009,0.0
Belgium,BEL,2010,0.0
Belgium,BEL,2011,0.0
Belgium,BEL,2012,0.0
Belgium,BEL,2013,0.0
Belgium,BEL,2014,0.0
Belgium,BEL,2015,0.0
Belgium,BEL,2016,0.0
Belgium,BEL,2017,0.0
Belgium,BEL,2018,0.0
Belgium,BEL,2019,0.0
Belgium,BEL,2020,0.0
Belize,BLZ,2000,0.0
Benin,BEN,2000,7.0
Benin,BEN,2001,0.0
Benin,BEN,2002,0.0
Benin,BEN,2003,2.22
Benin,BEN,2004,6.66
Benin,BEN,2005,0.0
Benin,BEN,2006,0.0
Benin,BEN,2007,0.0
Benin,BEN,2008,6.66
Benin,BEN,2009,22.2
Benin,BEN,2010,0.0
Benin,BEN,2011,0.0
Benin,BEN,2012,0.0
Benin,BEN,2013,0.0
Benin,BEN,2014,0.0
Benin,BEN,2015,0.0
Benin,BEN,2016,0.0
Benin,BEN,2017,0.0
Benin,BEN,2018,0.0
Benin,BEN,2019,8.88
Benin,BEN,2020,3.33
Bhutan,BTN,2000,0.0
Bhutan,BTN,2001,0.0
Bhutan,BTN,2002,0.0
Bhutan,BTN,2003,0.0
Bhutan,BTN,2004,0.0
Bhutan,BTN,2005,0.0
Bhutan,BTN,2006,0.0
Bhutan,BTN,2007,0.0
Bhutan,BTN,2008,0.0
Bhutan,BTN,2009,0.0
Bhutan,BTN,2010,0.0
Bhutan,BTN,2011,0.0
Bhutan,BTN,2012,0.0
Bhutan,BTN,2013,0.0
Bhutan,BTN,2014,0.0
Bhutan,BTN,2015,0.0
Bhutan,BTN,2016,0.0
Bhutan,BTN,2017,0.0
Bhutan,BTN,2018,0.0
Bhutan,BTN,2019,0.0
Bhutan,BTN,2020,0.0
Bolivia,BOL,2000,0.0
Bolivia,BOL,2001,0.0
Bolivia,BOL,2002,0.0
Bolivia,BOL,2003,0.0
Bolivia,BOL,2004,0.0
Bolivia,BOL,2005,0.0
Bolivia,BOL,2006,0.0
Bolivia,BOL,2007,0.0
Bolivia,BOL,2008,0.0
Bolivia,BOL,2009,0.0
Bolivia,BOL,2010,0.0
Bolivia,BOL,2011,0.0
Bolivia,BOL,2012,0.0
Bolivia,BOL,2013,0.0
Bolivia,BOL,2014,0.0
Bolivia,BOL,2015,0.0
Bolivia,BOL,2016,0.0
Bolivia,BOL,2017,0.0
Bolivia,BOL,2018,0.0
Bolivia,BOL,2019,0.0
Bolivia,BOL,2020,0.0
Bosnia and Herzegovina,BIH,2000,0.0
Bosnia and Herzegovina,BIH,2001,0.0
Bosnia and Herzegovina,BIH,2002,0.0
Bosnia and Herzegovina,BIH,2003,0.0
Bosnia and Herzegovina,BIH,2004,0.0
Bosnia and Herzegovina,BIH,2005,0.0
Bosnia and Herzegovina,BIH,2006,0.0
Bosnia and Herzegovina,BIH,2007,0.0
Bosnia and Herzegovina,BIH,2008,0.0
Bosnia and Herzegovina,BIH,2009,0.0
Bosnia and Herzegovina,BIH,2010,0.0
Bosnia and Herzegovina,BIH,2011,0.0
Bosnia and Herzegovina,BIH,2012,0.0
Bosnia and Herzegovina,BIH,2013,0.0
Bosnia and Herzegovina,BIH,2014,0.0
Bosnia and Herzegovina,BIH,2015,0.0
Bosnia and Herzegovina,BIH,2016,0.0
Bosnia and Herzegovina,BIH,2017,0.0
Bosnia and Herzegovina,BIH,2018,0.0
Bosnia and Herzegovina,BIH,2019,0.0
Bosnia and Herzegovina,BIH,2020,0.0
Botswana,BWA,2000,0.0
Botswana,BWA,2001,0.0
Botswana,BWA,2002,0.0
Botswana,BWA,2003,0.0
Botswana,BWA,2004,1.11
Botswana,BWA,2005,0.0
Botswana,BWA,2006,0.0
Botswana,BWA,2007,0.0
Botswana,BWA,2008,0.0
Botswana,BWA,2009,0.0
Botswana,BWA,2010,0.0
Botswana,BWA,2011,0.0
Botswana,BWA,2012,0.0
Botswana,BWA,2013,0.0
Botswana,BWA,2014,0.0
Botswana,BWA,2015,0.0
Botswana,BWA,2016,0.0
Botswana,BWA,2017,0.0
Botswana,BWA,2018,0.0
Botswana,BWA,2019,0.0
Botswana,BWA,2020,0.0
Brazil,BRA,2000,0.0
Brazil,BRA,2001,0.0
Brazil,BRA,2002,0.0
Brazil,BRA,2003,0.0
Brazil,BRA,2004,0.0
Brazil,BRA,2005,0.0
Brazil,BRA,2006,0.0
Brazil,BRA,2007,0.0
Brazil,BRA,2008,0.0
Brazil,BRA,2009,0.0
Brazil,BRA,2010,0.0
Brazil,BRA,2011,0.0
Brazil,BRA,2012,0.0
Brazil,BRA,2013,0.0
Brazil,BRA,2014,0.0
Brazil,BRA,2015,0.0
Brazil,BRA,2016,0.0
Brazil,BRA,2017,0.0
Brazil,BRA,2018,0.0
Brazil,BRA,2019,0.0
Brazil,BRA,2020,0.0
Brunei,BRN,2000,0.0
Brunei,BRN,2001,0.0
Brunei,BRN,2002,0.0
Brunei,BRN,2003,0.0
Brunei,BRN,2004,0.0
Brunei,BRN,2005,0.0
Brunei,BRN,2006,0.0
Brunei,BRN,2007,0.0
Brunei,BRN,2008,0.0
Brunei,BRN,2009,0.0
Brunei,BRN,2010,0.0
Brunei,BRN,2011,0.0
Brunei,BRN,2012,0.0
Brunei,BRN,2013,0.0
Brunei,BRN,2014,0.0
Brunei,BRN,2015,0.0
Brunei,BRN,2016,0.0
Brunei,BRN,2017,0.0
Brunei,BRN,2018,0.0
Brunei,BRN,2019,0.0
Brunei,BRN,2020,0.0
Bulgaria,BGR,2000,0.0
Bulgaria,BGR,2001,2.22
Bulgaria,BGR,2002,0.0
Bulgaria,BGR,2003,0.0
Bulgaria,BGR,2004,0.0
Bulgaria,BGR,2005,0.0
Bulgaria,BGR,2006,0.0
Bulgaria,BGR,2007,0.0
Bulgaria,BGR,2008,0.0
Bulgaria,BGR,2009,0.0
Bulgaria,BGR,2010,0.0
Bulgaria,BGR,2011,0.0
Bulgaria,BGR,2012,0.0
Bulgaria,BGR,2013,0.0
Bulgaria,BGR,2014,0.0
Bulgaria,BGR,2015,0.0
Bulgaria,BGR,2016,0.0
Bulgaria,BGR,2017,0.0
Bulgaria,BGR,2018,0.0
Bulgaria,BGR,2019,0.0
Bulgaria,BGR,2020,0.0
Burkina Faso,BFA,2000,0.0
Burkina Faso,BFA,2001,0.0
Burkina Faso,BFA,2002,1.11
Burkina Faso,BFA,2003,12.21
Burkina Faso,BFA,2004,9.99
Burkina Faso,BFA,2005,0.0
Burkina Faso,BFA,2006,0.0
Burkina Faso,BFA,2007,0.0
Burkina Faso,BFA,2008,6.66
Burkina Faso,BFA,2009,16.65
Burkina Faso,BFA,2010,0.0
Burkina Faso,BFA,2011,0.0
Burkina Faso,BFA,2012,0.0
Burkina Faso,BFA,2013,0.0
Burkina Faso,BFA,2014,0.0
Burkina Faso,BFA,2015,0.0
Burkina Faso,BFA,2016,0.0
Burkina Faso,BFA,2017,0.0
Burkina Faso,BFA,2018,0.0
Burkina Faso,BFA,2019,1.11
Burkina Faso,BFA,2020,130.0
Burundi,BDI,2000,0.0
Burundi,BDI,2001,0.0
Burundi,BDI,2002,0.0
Burundi,BDI,2003,0.0
Burundi,BDI,2004,0.0
Burundi,BDI,2005,0.0
Burundi,BDI,2006,0.0
Burundi,BDI,2007,0.0
Burundi,BDI,2008,0.0
Burundi,BDI,2009,2.22
Burundi,BDI,2010,0.0
Burundi,BDI,2011,0.0
Burundi,BDI,2012,0.0
Burundi,BDI,2013,0.0
Burundi,BDI,2014,0.0
Burundi,BDI,2015,0.0
Burundi,BDI,2016,0.0
Burundi,BDI,2017,0.0
Burundi,BDI,2018,0.0
Burundi,BDI,2019,0.0
Burundi,BDI,2020,0.0
Cambodia,KHM,2000,0.0
Cambodia,KHM,2001,0.0
Cambodia,KHM,2002,0.0
Cambodia,KHM,2003,0.0
Cambodia,KHM,2004,0.0
Cambodia,KHM,2005,2.0
Cambodia,KHM,2006,2.0
Cambodia,KHM,2007,0.0
Cambodia,KHM,2008,0.0
Cambodia,KHM,2009,0.0
Cambodia,KHM,2010,0.0
Cambodia,KHM,2011,0.0
Cambodia,KHM,2012,0.0
Cambodia,KHM,2013,0.0
Cambodia,KHM,2014,0.0
Cambodia,KHM,2015,0.0
Cambodia,KHM,2016,0.0
Cambodia,KHM,2017,0.0
Cambodia,KHM,2018,0.0
Cambodia,KHM,2019,0.0
Cambodia,KHM,2020,0.0
Cameroon,CMR,2000,0.0
Cameroon,CMR,2001,0.0
Cameroon,CMR,2002,0.0
Cameroon,CMR,2003,4.0
Cameroon,CMR,2004,26.0
Cameroon,CMR,2005,1.11
Cameroon,CMR,2006,2.22
Cameroon,CMR,2007,0.0
Cameroon,CMR,2008,0.0
Cameroon,CMR,2009,3.33
Cameroon,CMR,2010,0.0
Cameroon,CMR,2011,0.0
Cameroon,CMR,2012,0.0
Cameroon,CMR,2013,8.88
Cameroon,CMR,2014,10.0
Cameroon,CMR,2015,0.0
Cameroon,CMR,2016,0.0
Cameroon,CMR,2017,0.0
Cameroon,CMR,2018,0.0
Cameroon,CMR,2019,0.0
Cameroon,CMR,2020,14.0
Canada,CAN,2000,0.0
Canada,CAN,2001,0.0
Canada,CAN,2002,0.0
Canada,CAN,2003,0.0
Canada,CAN,2004,0.0
Canada,CAN,2005,0.0
Canada,CAN,2006,0.0
Canada,CAN,2007,0.0
Canada,CAN,2008,0.0
Canada,CAN,2009,0.0
Canada,CAN,2010,0.0
Canada,CAN,2011,0.0
Canada,CAN,2012,0.0
Canada,CAN,2013,0.0
Canada,CAN,2014,0.0
Canada,CAN,2015,0.0
Canada,CAN,2016,0.0
Canada,CAN,2017,0.0
Canada,CAN,2018,0.0
Canada,CAN,2019,0.0
Canada,CAN,2020,0.0
Cape Verde,CPV,2000,392.0
Cape Verde,CPV,2001,0.0
Cape Verde,CPV,2002,0.0
Cape Verde,CPV,2003,0.0
Cape Verde,CPV,2004,0.0
Cape Verde,CPV,2005,0.0
Cape Verde,CPV,2006,0.0
Cape Verde,CPV,2007,0.0
Cape Verde,CPV,2008,0.0
Cape Verde,CPV,2009,0.0
Cape Verde,CPV,2010,0.0
Cape Verde,CPV,2011,0.0
Cape Verde,CPV,2012,0.0
Cape Verde,CPV,2013,0.0
Cape Verde,CPV,2014,0.0
Cape Verde,CPV,2015,0.0
Cape Verde,CPV,2016,0.0
Cape Verde,CPV,2017,0.0
Cape Verde,CPV,2018,0.0
Cape Verde,CPV,2019,0.0
Cape Verde,CPV,2020,0.0
Central African Republic,CAF,2000,21.0
Central African Republic,CAF,2001,0.0
Central African Republic,CAF,2002,0.0
Central African Republic,CAF,2003,1.11
Central African Republic,CAF,2004,60.0
Central African Republic,CAF,2005,0.0
Central African Republic,CAF,2006,0.0
Central African Republic,CAF,2007,0.0
Central African Republic,CAF,2008,3.33
Central African Republic,CAF,2009,15.54
Central African Republic,CAF,2010,0.0
Central African Republic,CAF,2011,4.44
Central African Republic,CAF,2012,0.0
Central African Republic,CAF,2013,0.0
Central African Republic,CAF,2014,0.0
Central African Republic,CAF,2015,0.0
Central African Republic,CAF,2016,0.0
Central African Republic,CAF,2017,0.0
Central African Republic,CAF,2018,0.0
Central African Republic,CAF,2019,42.0
Central African Republic,CAF,2020,8.0
Chad,TCD,2000,420.0
Chad,TCD,2001,0.0
Chad,TCD,2002,0.0
Chad,TCD,2003,50.0
Chad,TCD,2004,48.0
Chad,TCD,2005,2.22
Chad,TCD,2006,1.11
Chad,TCD,2007,24.42
Chad,TCD,2008,41.07
Chad,TCD,2009,71.04
Chad,TCD,2010,29.97
Chad,TCD,2011,146.52
Chad,TCD,2012,18.87
Chad,TCD,2013,3.33
Chad,TCD,2014,0.0
Chad,TCD,2015,0.0
Chad,TCD,2016,0.0
Chad,TCD,2017,0.0
Chad,TCD,2018,0.0
Chad,TCD,2019,12.21
Chad,TCD,2020,202.0
Chile,CHL,2000,0.0
Chile,CHL,2001,0.0
Chile,CHL,2002,0.0
Chile,CHL,2003,0.0
Chile,CHL,2004,0.0
Chile,CHL,2005,0.0
Chile,CHL,2006,0.0
Chile,CHL,2007,0.0
Chile,CHL,2008,0.0
Chile,CHL,2009,0.0
Chile,CHL,2010,0.0
Chile,CHL,2011,0.0
Chile,CHL,2012,0.0
Chile,CHL,2013,0.0
Chile,CHL,2014,0.0
Chile,CHL,2015,0.0
Chile,CHL,2016,0.0
Chile,CHL,2017,0.0
Chile,CHL,2018,0.0
Chile,CHL,2019,0.0
Chile,CHL,2020,0.0
China,CHN,2000,0.0
China,CHN,2001,0.0
China,CHN,2002,0.0
China,CHN,2003,0.0
China,CHN,2004,4.0
China,CHN,2005,0.0
China,CHN,2006,0.0
China,CHN,2007,0.0
China,CHN,2008,0.0
China,CHN,2009,0.0
China,CHN,2010,0.0
China,CHN,2011,23.31
China,CHN,2012,2.22
China,CHN,2013,0.0
China,CHN,2014,0.0
China,CHN,2015,0.0
China,CHN,2016,0.0
China,CHN,2017,0.0
China,CHN,2018,0.0
China,CHN,2019,1.11
China,CHN,2020,0.0
Colombia,COL,2000,0.0
Colombia,COL,2001,0.0
Colombia,COL,2002,0.0
Colombia,COL,2003,0.0
Colombia,COL,2004,0.0
Colombia,COL,2005,0.0
Colombia,COL,2006,0.0
Colombia,COL,2007,0.0
Colombia,COL,2008,0.0
Colombia,COL,2009,0.0
Colombia,COL,2010,0.0
Colombia,COL,2011,0.0
Colombia,COL,2012,0.0
Colombia,COL,2013,0.0
Colombia,COL,2014,0.0
Colombia,COL,2015,0.0
Colombia,COL,2016,0.0
Colombia,COL,2017,0.0
Colombia,COL,2018,0.0
Colombia,COL,2019,0.0
Colombia,COL,2020,0.0
Comoros,COM,2000,0.0
Comoros,COM,2001,0.0
Comoros,COM,2002,0.0
Comoros,COM,2003,0.0
Comoros,COM,2004,0.0
Comoros,COM,2005,0.0
Comoros,COM,2006,0.0
Comoros,COM,2007,0.0
Comoros,COM,2008,0.0
Comoros,COM,2009,0.0
Comoros,COM,2010,0.0
Comoros,COM,2011,0.0
Comoros,COM,2012,0.0
Comoros,COM,2013,0.0
Comoros,COM,2014,0.0
Comoros,COM,2015,0.0
Comoros,COM,2016,0.0
Comoros,COM,2017,0.0
Comoros,COM,2018,0.0
Comoros,COM,2019,0.0
Comoros,COM,2020,0.0
Congo,COG,2000,329.0
Congo,COG,2001,0.0
Congo,COG,2002,0.0
Congo,COG,2003,0.0
Congo,COG,2004,0.0
Congo,COG,2005,0.0
Congo,COG,2006,0.0
Congo,COG,2007,0.0
Congo,COG,2008,0.0
Congo,COG,2009,0.0
Congo,COG,2010,882.0
Congo,COG,2011,1.11
Congo,COG,2012,0.0
Congo,COG,2013,0.0
Congo,COG,2014,0.0
Congo,COG,2015,0.0
Congo,COG,2016,0.0
Congo,COG,2017,0.0
Congo,COG,2018,0.0
Congo,COG,2019,0.0
Congo,COG,2020,4.0
Cook Islands,COK,2000,0.0
Costa Rica,CRI,2000,0.0
Costa Rica,CRI,2001,0.0
Costa Rica,CRI,2002,0.0
Costa Rica,CRI,2003,0.0
Costa Rica,CRI,2004,0.0
Costa Rica,CRI,2005,0.0
Costa Rica,CRI,2006,0.0
Costa Rica,CRI,2007,0.0
Costa Rica,CRI,2008,0.0
Costa Rica,CRI,2009,0.0
Costa Rica,CRI,2010,0.0
Costa Rica,CRI,2011,0.0
Costa Rica,CRI,2012,0.0
Costa Rica,CRI,2013,0.0
Costa Rica,CRI,2014,0.0
Costa Rica,CRI,2015,0.0
Costa Rica,CRI,2016,0.0
Costa Rica,CRI,2017,0.0
Costa Rica,CRI,2018,0.0
Costa Rica,CRI,2019,0.0
Costa Rica,CRI,2020,0.0
Cote d'Ivoire,CIV,2000,7.0
Cote d'Ivoire,CIV,2001,0.0
Cote d'Ivoire,CIV,2002,0.0
Cote d'Ivoire,CIV,2003,2.0
Cote d'Ivoire,CIV,2004,34.0
Cote d'Ivoire,CIV,2005,0.0
Cote d'Ivoire,CIV,2006,0.0
Cote d'Ivoire,CIV,2007,0.0
Cote d'Ivoire,CIV,2008,1.11
Cote d'Ivoire,CIV,2009,52.0
Cote d'Ivoire,CIV,2010,0.0
Cote d'Ivoire,CIV,2011,72.0
Cote d'Ivoire,CIV,2012,0.0
Cote d'Ivoire,CIV,2013,0.0
Cote d'Ivoire,CIV,2014,0.0
Cote d'Ivoire,CIV,2015,0.0
Cote d'Ivoire,CIV,2016,0.0
Cote d'Ivoire,CIV,2017,0.0
Cote d'Ivoire,CIV,2018,0.0
Cote d'Ivoire,CIV,2019,0.0
Cote d'Ivoire,CIV,2020,128.0
Croatia,HRV,2000,0.0
Croatia,HRV,2001,0.0
Croatia,HRV,2002,0.0
Croatia,HRV,2003,0.0
Croatia,HRV,2004,0.0
Croatia,HRV,2005,0.0
Croatia,HRV,2006,0.0
Croatia,HRV,2007,0.0
Croatia,HRV,2008,0.0
Croatia,HRV,2009,0.0
Croatia,HRV,2010,0.0
Croatia,HRV,2011,0.0
Croatia,HRV,2012,0.0
Croatia,HRV,2013,0.0
Croatia,HRV,2014,0.0
Croatia,HRV,2015,0.0
Croatia,HRV,2016,0.0
Croatia,HRV,2017,0.0
Croatia,HRV,2018,0.0
Croatia,HRV,2019,0.0
Croatia,HRV,2020,0.0
Cuba,CUB,2000,0.0
Cuba,CUB,2001,0.0
Cuba,CUB,2002,0.0
Cuba,CUB,2003,0.0
Cuba,CUB,2004,0.0
Cuba,CUB,2005,0.0
Cuba,CUB,2006,0.0
Cuba,CUB,2007,0.0
Cuba,CUB,2008,0.0
Cuba,CUB,2009,0.0
Cuba,CUB,2010,0.0
Cuba,CUB,2011,0.0
Cuba,CUB,2012,0.0
Cuba,CUB,2013,0.0
Cuba,CUB,2014,0.0
Cuba,CUB,2015,0.0
Cuba,CUB,2016,0.0
Cuba,CUB,2017,0.0
Cuba,CUB,2018,0.0
Cuba,CUB,2019,0.0
Cuba,CUB,2020,0.0
Cyprus,CYP,2000,0.0
Cyprus,CYP,2001,0.0
Cyprus,CYP,2002,0.0
Cyprus,CYP,2003,0.0
Cyprus,CYP,2004,0.0
Cyprus,CYP,2005,0.0
Cyprus,CYP,2006,0.0
Cyprus,CYP,2007,0.0
Cyprus,CYP,2008,0.0
Cyprus,CYP,2009,0.0
Cyprus,CYP,2010,0.0
Cyprus,CYP,2011,0.0
Cyprus,CYP,2012,0.0
Cyprus,CYP,2013,0.0
Cyprus,CYP,2014,0.0
Cyprus,CYP,2015,0.0
Cyprus,CYP,2016,0.0
Cyprus,CYP,2017,0.0
Cyprus,CYP,2018,0.0
Cyprus,CYP,2019,0.0
Cyprus,CYP,2020,0.0
Czechia,CZE,2000,0.0
Czechia,CZE,2001,0.0
Czechia,CZE,2002,0.0
Czechia,CZE,2003,0.0
Czechia,CZE,2004,0.0
Czechia,CZE,2005,0.0
Czechia,CZE,2006,0.0
Czechia,CZE,2007,0.0
Czechia,CZE,2008,0.0
Czechia,CZE,2009,0.0
Czechia,CZE,2010,0.0
Czechia,CZE,2011,0.0
Czechia,CZE,2012,0.0
Czechia,CZE,2013,0.0
Czechia,CZE,2014,0.0
Czechia,CZE,2015,0.0
Czechia,CZE,2016,0.0
Czechia,CZE,2017,0.0
Czechia,CZE,2018,0.0
Czechia,CZE,2019,0.0
Czechia,CZE,2020,0.0
Democratic Republic of Congo,COD,2000,4221.0
Democratic Republic of Congo,COD,2001,0.0
Democratic Republic of Congo,COD,2002,0.0
Democratic Republic of Congo,COD,2003,0.0
Democratic Republic of Congo,COD,2004,0.0
Democratic Republic of Congo,COD,2005,0.0
Democratic Republic of Congo,COD,2006,14.43
Democratic Republic of Congo,COD,2007,45.51
Democratic Republic of Congo,COD,2008,19.98
Democratic Republic of Congo,COD,2009,8.88
Democratic Republic of Congo,COD,2010,130.98
Democratic Republic of Congo,COD,2011,115.44
Democratic Republic of Congo,COD,2012,18.87
Democratic Republic of Congo,COD,2013,0.0
Democratic Republic of Congo,COD,2014,0.0
Democratic Republic of Congo,COD,2015,0.0
Democratic Republic of Congo,COD,2016,0.0
Democratic Republic of Congo,COD,2017,24.42
Democratic Republic of Congo,COD,2018,40.0
Democratic Republic of Congo,COD,2019,97.68
Democratic Republic of Congo,COD,2020,162.0
Denmark,DNK,2000,0.0
Denmark,DNK,2001,0.0
Denmark,DNK,2002,0.0
Denmark,DNK,2003,0.0
Denmark,DNK,2004,0.0
Denmark,DNK,2005,0.0
Denmark,DNK,2006,0.0
Denmark,DNK,2007,0.0
Denmark,DNK,2008,0.0
Denmark,DNK,2009,0.0
Denmark,DNK,2010,0.0
Denmark,DNK,2011,0.0
Denmark,DNK,2012,0.0
Denmark,DNK,2013,0.0
Denmark,DNK,2014,0.0
Denmark,DNK,2015,0.0
Denmark,DNK,2016,0.0
Denmark,DNK,2017,0.0
Denmark,DNK,2018,0.0
Denmark,DNK,2019,0.0
Denmark,DNK,2020,0.0
Djibouti,DJI,2000,0.0
Djibouti,DJI,2001,0.0
Djibouti,DJI,2002,0.0
Djibouti,DJI,2003,0.0
Djibouti,DJI,2004,0.0
Djibouti,DJI,2005,0.0
Djibouti,DJI,2006,0.0
Djibouti,DJI,2007,0.0
Djibouti,DJI,2008,0.0
Djibouti,DJI,2009,0.0
Djibouti,DJI,2010,0.0
Djibouti,DJI,2011,0.0
Djibouti,DJI,2012,0.0
Djibouti,DJI,2013,0.0
Djibouti,DJI,2014,0.0
Djibouti,DJI,2015,0.0
Djibouti,DJI,2016,0.0
Djibouti,DJI,2017,0.0
Djibouti,DJI,2018,0.0
Djibouti,DJI,2019,0.0
Djibouti,DJI,2020,0.0
Dominica,DMA,2000,0.0
Dominican Republic,DOM,2000,77.0
Dominican Republic,DOM,2001,4.0
Dominican Republic,DOM,2002,0.0
Dominican Republic,DOM,2003,0.0
Dominican Republic,DOM,2004,0.0
Dominican Republic,DOM,2005,0.0
Dominican Republic,DOM,2006,0.0
Dominican Republic,DOM,2007,0.0
Dominican Republic,DOM,2008,0.0
Dominican Republic,DOM,2009,0.0
Dominican Republic,DOM,2010,0.0
Dominican Republic,DOM,2011,0.0
Dominican Republic,DOM,2012,0.0
Dominican Republic,DOM,2013,0.0
Dominican Republic,DOM,2014,0.0
Dominican Republic,DOM,2015,0.0
Dominican Republic,DOM,2016,0.0
Dominican Republic,DOM,2017,0.0
Dominican Republic,DOM,2018,0.0
Dominican Republic,DOM,2019,0.0
Dominican Republic,DOM,2020,0.0
East Timor,TLS,2003,0.0
East Timor,TLS,2004,0.0
East Timor,TLS,2005,0.0
East Timor,TLS,2006,0.0
East Timor,TLS,2007,0.0
East Timor,TLS,2008,0.0
East Timor,TLS,2009,0.0
East Timor,TLS,2010,0.0
East Timor,TLS,2011,0.0
East Timor,TLS,2012,0.0
East Timor,TLS,2013,0.0
East Timor,TLS,2014,0.0
East Timor,TLS,2015,0.0
East Timor,TLS,2016,0.0
East Timor,TLS,2017,0.0
East Timor,TLS,2018,0.0
East Timor,TLS,2019,0.0
East Timor,TLS,2020,0.0
Ecuador,ECU,2000,0.0
Ecuador,ECU,2001,0.0
Ecuador,ECU,2002,0.0
Ecuador,ECU,2003,0.0
Ecuador,ECU,2004,0.0
Ecuador,ECU,2005,0.0
Ecuador,ECU,2006,0.0
Ecuador,ECU,2007,0.0
Ecuador,ECU,2008,0.0
Ecuador,ECU,2009,0.0
Ecuador,ECU,2010,0.0
Ecuador,ECU,2011,0.0
Ecuador,ECU,2012,0.0
Ecuador,ECU,2013,0.0
Ecuador,ECU,2014,0.0
Ecuador,ECU,2015,0.0
Ecuador,ECU,2016,0.0
Ecuador,ECU,2017,0.0
Ecuador,ECU,2018,0.0
Ecuador,ECU,2019,0.0
Ecuador,ECU,2020,0.0
Egypt,EGY,2000,28.0
Egypt,EGY,2001,10.0
Egypt,EGY,2002,7.77
Egypt,EGY,2003,1.11
Egypt,EGY,2004,1.11
Egypt,EGY,2005,0.0
Egypt,EGY,2006,0.0
Egypt,EGY,2007,0.0
Egypt,EGY,2008,0.0
Egypt,EGY,2009,0.0
Egypt,EGY,2010,0.0
Egypt,EGY,2011,0.0
Egypt,EGY,2012,0.0
Egypt,EGY,2013,0.0
Egypt,EGY,2014,0.0
Egypt,EGY,2015,0.0
Egypt,EGY,2016,0.0
Egypt,EGY,2017,0.0
Egypt,EGY,2018,0.0
Egypt,EGY,2019,0.0
Egypt,EGY,2020,0.0
El Salvador,SLV,2000,0.0
El Salvador,SLV,2001,0.0
El Salvador,SLV,2002,0.0
El Salvador,SLV,2003,0.0
El Salvador,SLV,2004,0.0
El Salvador,SLV,2005,0.0
El Salvador,SLV,2006,0.0
El Salvador,SLV,2007,0.0
El Salvador,SLV,2008,0.0
El Salvador,SLV,2009,0.0
El Salvador,SLV,2010,0.0
El Salvador,SLV,2011,0.0
El Salvador,SLV,2012,0.0
El Salvador,SLV,2013,0.0
El Salvador,SLV,2014,0.0
El Salvador,SLV,2015,0.0
El Salvador,SLV,2016,0.0
El Salvador,SLV,2017,0.0
El Salvador,SLV,2018,0.0
El Salvador,SLV,2019,0.0
El Salvador,SLV,2020,0.0
Equatorial Guinea,GNQ,2000,0.0
Equatorial Guinea,GNQ,2001,0.0
Equatorial Guinea,GNQ,2002,0.0
Equatorial Guinea,GNQ,2003,0.0
Equatorial Guinea,GNQ,2004,0.0
Equatorial Guinea,GNQ,2005,0.0
Equatorial Guinea,GNQ,2006,0.0
Equatorial Guinea,GNQ,2007,0.0
Equatorial Guinea,GNQ,2008,0.0
Equatorial Guinea,GNQ,2009,0.0
Equatorial Guinea,GNQ,2010,0.0
Equatorial Guinea,GNQ,2011,0.0
Equatorial Guinea,GNQ,2012,0.0
Equatorial Guinea,GNQ,2013,0.0
Equatorial Guinea,GNQ,2014,10.0
Equatorial Guinea,GNQ,2015,0.0
Equatorial Guinea,GNQ,2016,0.0
Equatorial Guinea,GNQ,2017,0.0
Equatorial Guinea,GNQ,2018,0.0
Equatorial Guinea,GNQ,2019,0.0
Equatorial Guinea,GNQ,2020,0.0
Eritrea,ERI,2000,56.0
Eritrea,ERI,2001,0.0
Eritrea,ERI,2002,0.0
Eritrea,ERI,2003,0.0
Eritrea,ERI,2004,0.0
Eritrea,ERI,2005,1.11
Eritrea,ERI,2006,0.0
Eritrea,ERI,2007,0.0
Eritrea,ERI,2008,0.0
Eritrea,ERI,2009,0.0
Eritrea,ERI,2010,0.0
Eritrea,ERI,2011,0.0
Eritrea,ERI,2012,0.0
Eritrea,ERI,2013,0.0
Eritrea,ERI,2014,0.0
Eritrea,ERI,2015,0.0
Eritrea,ERI,2016,0.0
Eritrea,ERI,2017,0.0
Eritrea,ERI,2018,0.0
Eritrea,ERI,2019,0.0
Eritrea,ERI,2020,0.0
Estonia,EST,2000,0.0
Estonia,EST,2001,0.0
Estonia,EST,2002,0.0
Estonia,EST,2003,0.0
Estonia,EST,2004,0.0
Estonia,EST,2005,0.0
Estonia,EST,2006,0.0
Estonia,EST,2007,0.0
Estonia,EST,2008,0.0
Estonia,EST,2009,0.0
Estonia,EST,2010,0.0
Estonia,EST,2011,0.0
Estonia,EST,2012,0.0
Estonia,EST,2013,0.0
Estonia,EST,2014,0.0
Estonia,EST,2015,0.0
Estonia,EST,2016,0.0
Estonia,EST,2017,0.0
Estonia,EST,2018,0.0
Estonia,EST,2019,0.0
Estonia,EST,2020,0.0
Eswatini,SWZ,2000,0.0
Eswatini,SWZ,2001,0.0
Eswatini,SWZ,2002,0.0
Eswatini,SWZ,2003,0.0
Eswatini,SWZ,2004,0.0
Eswatini,SWZ,2005,0.0
Eswatini,SWZ,2006,0.0
Eswatini,SWZ,2007,0.0
Eswatini,SWZ,2008,0.0
Eswatini,SWZ,2009,0.0
Eswatini,SWZ,2010,0.0
Eswatini,SWZ,2011,0.0
Eswatini,SWZ,2012,0.0
Eswatini,SWZ,2013,0.0
Eswatini,SWZ,2014,0.0
Eswatini,SWZ,2015,0.0
Eswatini,SWZ,2016,0.0
Eswatini,SWZ,2017,0.0
Eswatini,SWZ,2018,0.0
Eswatini,SWZ,2019,0.0
Eswatini,SWZ,2020,0.0
Ethiopia,ETH,2000,1064.0
Ethiopia,ETH,2001,2.0
Ethiopia,ETH,2002,0.0
Ethiopia,ETH,2003,0.0
Ethiopia,ETH,2004,2.0
Ethiopia,ETH,2005,44.0
Ethiopia,ETH,2006,18.87
Ethiopia,ETH,2007,0.0
Ethiopia,ETH,2008,6.66
Ethiopia,ETH,2009,2.22
Ethiopia,ETH,2010,5.55
Ethiopia,ETH,2011,0.0
Ethiopia,ETH,2012,0.0
Ethiopia,ETH,2013,9.99
Ethiopia,ETH,2014,1.11
Ethiopia,ETH,2015,0.0
Ethiopia,ETH,2016,0.0
Ethiopia,ETH,2017,0.0
Ethiopia,ETH,2018,0.0
Ethiopia,ETH,2019,15.54
Ethiopia,ETH,2020,72.0
Europe,,2000,0.0
Europe,,2001,14.0
Europe,,2002,0.0
Europe,,2003,0.0
Europe,,2004,0.0
Europe,,2005,0.0
Europe,,2006,0.0
Europe,,2007,0.0
Europe,,2008,0.0
Europe,,2009,0.0
Europe,,2010,98.0
Europe,,2011,0.0
Europe,,2012,0.0
Europe,,2013,0.0
Europe,,2014,0.0
Europe,,2015,14.0
Europe,,2016,0.0
Europe,,2017,0.0
Europe,,2018,0.0
Europe,,2019,0.0
Europe,,2020,0.0
Fiji,FJI,2000,0.0
Finland,FIN,2000,0.0
Finland,FIN,2001,0.0
Finland,FIN,2002,0.0
Finland,FIN,2003,0.0
Finland,FIN,2004,0.0
Finland,FIN,2005,0.0
Finland,FIN,2006,0.0
Finland,FIN,2007,0.0
Finland,FIN,2008,0.0
Finland,FIN,2009,0.0
Finland,FIN,2010,0.0
Finland,FIN,2011,0.0
Finland,FIN,2012,0.0
Finland,FIN,2013,0.0
Finland,FIN,2014,0.0
Finland,FIN,2015,0.0
Finland,FIN,2016,0.0
Finland,FIN,2017,0.0
Finland,FIN,2018,0.0
Finland,FIN,2019,0.0
Finland,FIN,2020,0.0
France,FRA,2000,0.0
France,FRA,2001,0.0
France,FRA,2002,0.0
France,FRA,2003,0.0
France,FRA,2004,0.0
France,FRA,2005,0.0
France,FRA,2006,0.0
France,FRA,2007,0.0
France,FRA,2008,0.0
France,FRA,2009,0.0
France,FRA,2010,0.0
France,FRA,2011,0.0
France,FRA,2012,0.0
France,FRA,2013,0.0
France,FRA,2014,0.0
France,FRA,2015,0.0
France,FRA,2016,0.0
France,FRA,2017,0.0
France,FRA,2018,0.0
France,FRA,2019,0.0
France,FRA,2020,0.0
Gabon,GAB,2000,0.0
Gabon,GAB,2001,0.0
Gabon,GAB,2002,0.0
Gabon,GAB,2003,0.0
Gabon,GAB,2004,0.0
Gabon,GAB,2005,0.0
Gabon,GAB,2006,0.0
Gabon,GAB,2007,0.0
Gabon,GAB,2008,0.0
Gabon,GAB,2009,0.0
Gabon,GAB,2010,0.0
Gabon,GAB,2011,1.11
Gabon,GAB,2012,0.0
Gabon,GAB,2013,0.0
Gabon,GAB,2014,0.0
Gabon,GAB,2015,0.0
Gabon,GAB,2016,0.0
Gabon,GAB,2017,0.0
Gabon,GAB,2018,0.0
Gabon,GAB,2019,0.0
Gabon,GAB,2020,0.0
Gambia,GMB,2000,42.0
Gambia,GMB,2001,0.0
Gambia,GMB,2002,0.0
Gambia,GMB,2003,0.0
Gambia,GMB,2004,0.0
Gambia,GMB,2005,0.0
Gambia,GMB,2006,0.0
Gambia,GMB,2007,0.0
Gambia,GMB,2008,0.0
Gambia,GMB,2009,0.0
Gambia,GMB,2010,0.0
Gambia,GMB,2011,0.0
Gambia,GMB,2012,0.0
Gambia,GMB,2013,0.0
Gambia,GMB,2014,0.0
Gambia,GMB,2015,0.0
Gambia,GMB,2016,0.0
Gambia,GMB,2017,0.0
Gambia,GMB,2018,0.0
Gambia,GMB,2019,0.0
Gambia,GMB,2020,0.0
Georgia,GEO,2000,0.0
Georgia,GEO,2001,2.0
Georgia,GEO,2002,0.0
Georgia,GEO,2003,0.0
Georgia,GEO,2004,0.0
Georgia,GEO,2005,0.0
Georgia,GEO,2006,0.0
Georgia,GEO,2007,0.0
Georgia,GEO,2008,0.0
Georgia,GEO,2009,0.0
Georgia,GEO,2010,0.0
Georgia,GEO,2011,0.0
Georgia,GEO,2012,0.0
Georgia,GEO,2013,0.0
Georgia,GEO,2014,0.0
Georgia,GEO,2015,0.0
Georgia,GEO,2016,0.0
Georgia,GEO,2017,0.0
Georgia,GEO,2018,0.0
Georgia,GEO,2019,0.0
Georgia,GEO,2020,0.0
Germany,DEU,2000,0.0
Germany,DEU,2001,0.0
Germany,DEU,2002,0.0
Germany,DEU,2003,0.0
Germany,DEU,2004,0.0
Germany,DEU,2005,0.0
Germany,DEU,2006,0.0
Germany,DEU,2007,0.0
Germany,DEU,2008,0.0
Germany,DEU,2009,0.0
Germany,DEU,2010,0.0
Germany,DEU,2011,0.0
Germany,DEU,2012,0.0
Germany,DEU,2013,0.0
Germany,DEU,2014,0.0
Germany,DEU,2015,0.0
Germany,DEU,2016,0.0
Germany,DEU,2017,0.0
Germany,DEU,2018,0.0
Germany,DEU,2019,0.0
Germany,DEU,2020,0.0
Ghana,GHA,2000,728.0
Ghana,GHA,2001,0.0
Ghana,GHA,2002,0.0
Ghana,GHA,2003,16.0
Ghana,GHA,2004,0.0
Ghana,GHA,2005,0.0
Ghana,GHA,2006,0.0
Ghana,GHA,2007,0.0
Ghana,GHA,2008,8.88
Ghana,GHA,2009,0.0
Ghana,GHA,2010,0.0
Ghana,GHA,2011,0.0
Ghana,GHA,2012,0.0
Ghana,GHA,2013,0.0
Ghana,GHA,2014,0.0
Ghana,GHA,2015,0.0
Ghana,GHA,2016,0.0
Ghana,GHA,2017,0.0
Ghana,GHA,2018,0.0
Ghana,GHA,2019,19.98
Ghana,GHA,2020,13.32
Greece,GRC,2000,0.0
Greece,GRC,2001,0.0
Greece,GRC,2002,0.0
Greece,GRC,2003,0.0
Greece,GRC,2004,0.0
Greece,GRC,2005,0.0
Greece,GRC,2006,0.0
Greece,GRC,2007,0.0
Greece,GRC,2008,0.0
Greece,GRC,2009,0.0
Greece,GRC,2010,0.0
Greece,GRC,2011,0.0
Greece,GRC,2012,0.0
Greece,GRC,2013,0.0
Greece,GRC,2014,0.0
Greece,GRC,2015,0.0
Greece,GRC,2016,0.0
Greece,GRC,2017,0.0
Greece,GRC,2018,0.0
Greece,GRC,2019,0.0
Greece,GRC,2020,0.0
Grenada,GRD,2000,0.0
Guatemala,GTM,2000,0.0
Guatemala,GTM,2001,0.0
Guatemala,GTM,2002,0.0
Guatemala,GTM,2003,0.0
Guatemala,GTM,2004,0.0
Guatemala,GTM,2005,0.0
Guatemala,GTM,2006,0.0
Guatemala,GTM,2007,0.0
Guatemala,GTM,2008,0.0
Guatemala,GTM,2009,0.0
Guatemala,GTM,2010,0.0
Guatemala,GTM,2011,0.0
Guatemala,GTM,2012,0.0
Guatemala,GTM,2013,0.0
Guatemala,GTM,2014,0.0
Guatemala,GTM,2015,0.0
Guatemala,GTM,2016,0.0
Guatemala,GTM,2017,0.0
Guatemala,GTM,2018,0.0
Guatemala,GTM,2019,0.0
Guatemala,GTM,2020,0.0
Guinea,GIN,2000,0.0
Guinea,GIN,2001,0.0
Guinea,GIN,2002,0.0
Guinea,GIN,2003,0.0
Guinea,GIN,2004,7.77
Guinea,GIN,2005,0.0
Guinea,GIN,2006,0.0
Guinea,GIN,2007,0.0
Guinea,GIN,2008,0.0
Guinea,GIN,2009,47.73
Guinea,GIN,2010,0.0
Guinea,GIN,2011,3.33
Guinea,GIN,2012,0.0
Guinea,GIN,2013,0.0
Guinea,GIN,2014,1.11
Guinea,GIN,2015,14.0
Guinea,GIN,2016,0.0
Guinea,GIN,2017,0.0
Guinea,GIN,2018,0.0
Guinea,GIN,2019,0.0
Guinea,GIN,2020,88.0
Guinea-Bissau,GNB,2000,0.0
Guinea-Bissau,GNB,2001,0.0
Guinea-Bissau,GNB,2002,0.0
Guinea-Bissau,GNB,2003,0.0
Guinea-Bissau,GNB,2004,0.0
Guinea-Bissau,GNB,2005,0.0
Guinea-Bissau,GNB,2006,0.0
Guinea-Bissau,GNB,2007,0.0
Guinea-Bissau,GNB,2008,0.0
Guinea-Bissau,GNB,2009,0.0
Guinea-Bissau,GNB,2010,0.0
Guinea-Bissau,GNB,2011,0.0
Guinea-Bissau,GNB,2012,0.0
Guinea-Bissau,GNB,2013,0.0
Guinea-Bissau,GNB,2014,0.0
Guinea-Bissau,GNB,2015,0.0
Guinea-Bissau,GNB,2016,0.0
Guinea-Bissau,GNB,2017,0.0
Guinea-Bissau,GNB,2018,0.0
Guinea-Bissau,GNB,2019,0.0
Guinea-Bissau,GNB,2020,0.0
Guyana,GUY,2000,0.0
Haiti,HTI,2000,7.0
Haiti,HTI,2001,14.0
Haiti,HTI,2002,0.0
Haiti,HTI,2003,0.0
Haiti,HTI,2004,0.0
Haiti,HTI,2005,0.0
Haiti,HTI,2006,0.0
Haiti,HTI,2007,0.0
Haiti,HTI,2008,0.0
Haiti,HTI,2009,0.0
Haiti,HTI,2010,0.0
Haiti,HTI,2011,0.0
Haiti,HTI,2012,0.0
Haiti,HTI,2013,0.0
Haiti,HTI,2014,0.0
Haiti,HTI,2015,0.0
Haiti,HTI,2016,0.0
Haiti,HTI,2017,0.0
Haiti,HTI,2018,0.0
Haiti,HTI,2019,0.0
Haiti,HTI,2020,0.0
Honduras,HND,2000,0.0
Honduras,HND,2001,0.0
Honduras,HND,2002,0.0
Honduras,HND,2003,0.0
Honduras,HND,2004,0.0
Honduras,HND,2005,0.0
Honduras,HND,2006,0.0
Honduras,HND,2007,0.0
Honduras,HND,2008,0.0
Honduras,HND,2009,0.0
Honduras,HND,2010,0.0
Honduras,HND,2011,0.0
Honduras,HND,2012,0.0
Honduras,HND,2013,0.0
Honduras,HND,2014,0.0
Honduras,HND,2015,0.0
Honduras,HND,2016,0.0
Honduras,HND,2017,0.0
Honduras,HND,2018,0.0
Honduras,HND,2019,0.0
Honduras,HND,2020,0.0
Hong Kong,HKG,2001,0.0
Hong Kong,HKG,2002,0.0
Hong Kong,HKG,2003,0.0
Hong Kong,HKG,2004,0.0
Hong Kong,HKG,2005,0.0
Hong Kong,HKG,2006,0.0
Hong Kong,HKG,2007,0.0
Hong Kong,HKG,2008,0.0
Hong Kong,HKG,2009,0.0
Hong Kong,HKG,2010,0.0
Hong Kong,HKG,2011,0.0
Hong Kong,HKG,2012,0.0
Hong Kong,HKG,2013,0.0
Hong Kong,HKG,2014,0.0
Hong Kong,HKG,2015,0.0
Hong Kong,HKG,2016,0.0
Hong Kong,HKG,2017,0.0
Hong Kong,HKG,2018,0.0
Hong Kong,HKG,2019,0.0
Hong Kong,HKG,2020,0.0
Hungary,HUN,2000,0.0
Hungary,HUN,2001,0.0
Hungary,HUN,2002,0.0
Hungary,HUN,2003,0.0
Hungary,HUN,2004,0.0
Hungary,HUN,2005,0.0
Hungary,HUN,2006,0.0
Hungary,HUN,2007,0.0
Hungary,HUN,2008,0.0
Hungary,HUN,2009,0.0
Hungary,HUN,2010,0.0
Hungary,HUN,2011,0.0
Hungary,HUN,2012,0.0
Hungary,HUN,2013,0.0
Hungary,HUN,2014,0.0
Hungary,HUN,2015,0.0
Hungary,HUN,2016,0.0
Hungary,HUN,2017,0.0
Hungary,HUN,2018,0.0
Hungary,HUN,2019,0.0
Hungary,HUN,2020,0.0
Iceland,ISL,2000,0.0
Iceland,ISL,2001,0.0
Iceland,ISL,2002,0.0
Iceland,ISL,2003,0.0
Iceland,ISL,2004,0.0
Iceland,ISL,2005,0.0
Iceland,ISL,2006,0.0
Iceland,ISL,2007,0.0
Iceland,ISL,2008,0.0
Iceland,ISL,2009,0.0
Iceland,ISL,2010,0.0
Iceland,ISL,2011,0.0
Iceland,ISL,2012,0.0
Iceland,ISL,2013,0.0
Iceland,ISL,2014,0.0
Iceland,ISL,2015,0.0
Iceland,ISL,2016,0.0
Iceland,ISL,2017,0.0
Iceland,ISL,2018,0.0
Iceland,ISL,2019,0.0
Iceland,ISL,2020,0.0
India,IND,2000,1855.0
India,IND,2001,536.0
India,IND,2002,3200.0
India,IND,2003,450.0
India,IND,2004,148.74
India,IND,2005,73.26
India,IND,2006,750.36
India,IND,2007,970.14
India,IND,2008,620.49
India,IND,2009,839.16
India,IND,2010,48.84
India,IND,2011,1.11
India,IND,2012,0.0
India,IND,2013,0.0
India,IND,2014,0.0
India,IND,2015,0.0
India,IND,2016,0.0
India,IND,2017,0.0
India,IND,2018,0.0
India,IND,2019,0.0
India,IND,2020,0.0
Indonesia,IDN,2000,245.0
Indonesia,IDN,2001,0.0
Indonesia,IDN,2002,0.0
Indonesia,IDN,2003,0.0
Indonesia,IDN,2004,0.0
Indonesia,IDN,2005,387.39
Indonesia,IDN,2006,2.22
Indonesia,IDN,2007,0.0
Indonesia,IDN,2008,0.0
Indonesia,IDN,2009,0.0
Indonesia,IDN,2010,0.0
Indonesia,IDN,2011,0.0
Indonesia,IDN,2012,0.0
Indonesia,IDN,2013,0.0
Indonesia,IDN,2014,0.0
Indonesia,IDN,2015,0.0
Indonesia,IDN,2016,0.0
Indonesia,IDN,2017,0.0
Indonesia,IDN,2018,1.11
Indonesia,IDN,2019,0.0
Indonesia,IDN,2020,0.0
Iran,IRN,2000,21.0
Iran,IRN,2001,0.0
Iran,IRN,2002,0.0
Iran,IRN,2003,0.0
Iran,IRN,2004,0.0
Iran,IRN,2005,0.0
Iran,IRN,2006,0.0
Iran,IRN,2007,0.0
Iran,IRN,2008,0.0
Iran,IRN,2009,0.0
Iran,IRN,2010,0.0
Iran,IRN,2011,0.0
Iran,IRN,2012,0.0
Iran,IRN,2013,0.0
Iran,IRN,2014,0.0
Iran,IRN,2015,0.0
Iran,IRN,2016,0.0
Iran,IRN,2017,0.0
Iran,IRN,2018,0.0
Iran,IRN,2019,0.0
Iran,IRN,2020,0.0
Iraq,IRQ,2000,28.0
Iraq,IRQ,2001,0.0
Iraq,IRQ,2002,0.0
Iraq,IRQ,2003,0.0
Iraq,IRQ,2004,0.0
Iraq,IRQ,2005,0.0
Iraq,IRQ,2006,0.0
Iraq,IRQ,2007,0.0
Iraq,IRQ,2008,0.0
Iraq,IRQ,2009,0.0
Iraq,IRQ,2010,0.0
Iraq,IRQ,2011,0.0
Iraq,IRQ,2012,0.0
Iraq,IRQ,2013,0.0
Iraq,IRQ,2014,2.22
Iraq,IRQ,2015,0.0
Iraq,IRQ,2016,0.0
Iraq,IRQ,2017,0.0
Iraq,IRQ,2018,0.0
Iraq,IRQ,2019,0.0
Iraq,IRQ,2020,0.0
Ireland,IRL,2000,0.0
Ireland,IRL,2001,0.0
Ireland,IRL,2002,0.0
Ireland,IRL,2003,0.0
Ireland,IRL,2004,0.0
Ireland,IRL,2005,0.0
Ireland,IRL,2006,0.0
Ireland,IRL,2007,0.0
Ireland,IRL,2008,0.0
Ireland,IRL,2009,0.0
Ireland,IRL,2010,0.0
Ireland,IRL,2011,0.0
Ireland,IRL,2012,0.0
Ireland,IRL,2013,0.0
Ireland,IRL,2014,0.0
Ireland,IRL,2015,0.0
Ireland,IRL,2016,0.0
Ireland,IRL,2017,0.0
Ireland,IRL,2018,0.0
Ireland,IRL,2019,0.0
Ireland,IRL,2020,0.0
Israel,ISR,2000,0.0
Israel,ISR,2001,0.0
Israel,ISR,2002,0.0
Israel,ISR,2003,0.0
Israel,ISR,2004,0.0
Israel,ISR,2005,0.0
Israel,ISR,2006,0.0
Israel,ISR,2007,0.0
Israel,ISR,2008,0.0
Israel,ISR,2009,0.0
Israel,ISR,2010,0.0
Israel,ISR,2011,0.0
Israel,ISR,2012,0.0
Israel,ISR,2013,0.0
Israel,ISR,2014,0.0
Israel,ISR,2015,0.0
Israel,ISR,2016,0.0
Israel,ISR,2017,0.0
Israel,ISR,2018,0.0
Israel,ISR,2019,0.0
Israel,ISR,2020,0.0
Italy,ITA,2000,0.0
Italy,ITA,2001,0.0
Italy,ITA,2002,0.0
Italy,ITA,2003,0.0
Italy,ITA,2004,0.0
Italy,ITA,2005,0.0
Italy,ITA,2006,0.0
Italy,ITA,2007,0.0
Italy,ITA,2008,0.0
Italy,ITA,2009,0.0
Italy,ITA,2010,0.0
Italy,ITA,2011,0.0
Italy,ITA,2012,0.0
Italy,ITA,2013,0.0
Italy,ITA,2014,0.0
Italy,ITA,2015,0.0
Italy,ITA,2016,0.0
Italy,ITA,2017,0.0
Italy,ITA,2018,0.0
Italy,ITA,2019,0.0
Italy,ITA,2020,0.0
Jamaica,JAM,2000,0.0
Japan,JPN,2000,0.0
Japan,JPN,2001,0.0
Japan,JPN,2002,0.0
Japan,JPN,2003,0.0
Japan,JPN,2004,0.0
Japan,JPN,2005,0.0
Japan,JPN,2006,0.0
Japan,JPN,2007,0.0
Japan,JPN,2008,0.0
Japan,JPN,2009,0.0
Japan,JPN,2010,0.0
Japan,JPN,2011,0.0
Japan,JPN,2012,0.0
Japan,JPN,2013,0.0
Japan,JPN,2014,0.0
Japan,JPN,2015,0.0
Japan,JPN,2016,0.0
Japan,JPN,2017,0.0
Japan,JPN,2018,0.0
Japan,JPN,2019,0.0
Japan,JPN,2020,0.0
Jordan,JOR,2000,0.0
Jordan,JOR,2001,0.0
Jordan,JOR,2002,0.0
Jordan,JOR,2003,0.0
Jordan,JOR,2004,0.0
Jordan,JOR,2005,0.0
Jordan,JOR,2006,0.0
Jordan,JOR,2007,0.0
Jordan,JOR,2008,0.0
Jordan,JOR,2009,0.0
Jordan,JOR,2010,0.0
Jordan,JOR,2011,0.0
Jordan,JOR,2012,0.0
Jordan,JOR,2013,0.0
Jordan,JOR,2014,0.0
Jordan,JOR,2015,0.0
Jordan,JOR,2016,0.0
Jordan,JOR,2017,0.0
Jordan,JOR,2018,0.0
Jordan,JOR,2019,0.0
Jordan,JOR,2020,0.0
Kazakhstan,KAZ,2000,0.0
Kazakhstan,KAZ,2001,0.0
Kazakhstan,KAZ,2002,0.0
Kazakhstan,KAZ,2003,0.0
Kazakhstan,KAZ,2004,0.0
Kazakhstan,KAZ,2005,0.0
Kazakhstan,KAZ,2006,0.0
Kazakhstan,KAZ,2007,0.0
Kazakhstan,KAZ,2008,0.0
Kazakhstan,KAZ,2009,0.0
Kazakhstan,KAZ,2010,1.11
Kazakhstan,KAZ,2011,0.0
Kazakhstan,KAZ,2012,0.0
Kazakhstan,KAZ,2013,0.0
Kazakhstan,KAZ,2014,0.0
Kazakhstan,KAZ,2015,0.0
Kazakhstan,KAZ,2016,0.0
Kazakhstan,KAZ,2017,0.0
Kazakhstan,KAZ,2018,0.0
Kazakhstan,KAZ,2019,0.0
Kazakhstan,KAZ,2020,0.0
Kenya,KEN,2000,0.0
Kenya,KEN,2001,0.0
Kenya,KEN,2002,0.0
Kenya,KEN,2003,0.0
Kenya,KEN,2004,0.0
Kenya,KEN,2005,0.0
Kenya,KEN,2006,4.0
Kenya,KEN,2007,0.0
Kenya,KEN,2008,0.0
Kenya,KEN,2009,21.09
Kenya,KEN,2010,0.0
Kenya,KEN,2011,1.11
Kenya,KEN,2012,3.33
Kenya,KEN,2013,15.54
Kenya,KEN,2014,0.0
Kenya,KEN,2015,0.0
Kenya,KEN,2016,0.0
Kenya,KEN,2017,0.0
Kenya,KEN,2018,0.0
Kenya,KEN,2019,0.0
Kenya,KEN,2020,0.0
Kiribati,KIR,2000,0.0
Kuwait,KWT,2000,0.0
Kuwait,KWT,2001,0.0
Kuwait,KWT,2002,0.0
Kuwait,KWT,2003,0.0
Kuwait,KWT,2004,0.0
Kuwait,KWT,2005,0.0
Kuwait,KWT,2006,0.0
Kuwait,KWT,2007,0.0
Kuwait,KWT,2008,0.0
Kuwait,KWT,2009,0.0
Kuwait,KWT,2010,0.0
Kuwait,KWT,2011,0.0
Kuwait,KWT,2012,0.0
Kuwait,KWT,2013,0.0
Kuwait,KWT,2014,0.0
Kuwait,KWT,2015,0.0
Kuwait,KWT,2016,0.0
Kuwait,KWT,2017,0.0
Kuwait,KWT,2018,0.0
Kuwait,KWT,2019,0.0
Kuwait,KWT,2020,0.0
Kyrgyzstan,KGZ,2000,0.0
Kyrgyzstan,KGZ,2001,0.0
Kyrgyzstan,KGZ,2002,0.0
Kyrgyzstan,KGZ,2003,0.0
Kyrgyzstan,KGZ,2004,0.0
Kyrgyzstan,KGZ,2005,0.0
Kyrgyzstan,KGZ,2006,0.0
Kyrgyzstan,KGZ,2007,0.0
Kyrgyzstan,KGZ,2008,0.0
Kyrgyzstan,KGZ,2009,0.0
Kyrgyzstan,KGZ,2010,0.0
Kyrgyzstan,KGZ,2011,0.0
Kyrgyzstan,KGZ,2012,0.0
Kyrgyzstan,KGZ,2013,0.0
Kyrgyzstan,KGZ,2014,0.0
Kyrgyzstan,KGZ,2015,0.0
Kyrgyzstan,KGZ,2016,0.0
Kyrgyzstan,KGZ,2017,0.0
Kyrgyzstan,KGZ,2018,0.0
Kyrgyzstan,KGZ,2019,0.0
Kyrgyzstan,KGZ,2020,0.0
Laos,LAO,2000,0.0
Laos,LAO,2001,0.0
Laos,LAO,2002,0.0
Laos,LAO,2003,0.0
Laos,LAO,2004,0.0
Laos,LAO,2005,0.0
Laos,LAO,2006,0.0
Laos,LAO,2007,0.0
Laos,LAO,2008,0.0
Laos,LAO,2009,0.0
Laos,LAO,2010,0.0
Laos,LAO,2011,0.0
Laos,LAO,2012,0.0
Laos,LAO,2013,0.0
Laos,LAO,2014,0.0
Laos,LAO,2015,16.0
Laos,LAO,2016,6.0
Laos,LAO,2017,0.0
Laos,LAO,2018,0.0
Laos,LAO,2019,0.0
Laos,LAO,2020,0.0
Latvia,LVA,2000,0.0
Latvia,LVA,2001,0.0
Latvia,LVA,2002,0.0
Latvia,LVA,2003,0.0
Latvia,LVA,2004,0.0
Latvia,LVA,2005,0.0
Latvia,LVA,2006,0.0
Latvia,LVA,2007,0.0
Latvia,LVA,2008,0.0
Latvia,LVA,2009,0.0
Latvia,LVA,2010,0.0
Latvia,LVA,2011,0.0
Latvia,LVA,2012,0.0
Latvia,LVA,2013,0.0
Latvia,LVA,2014,0.0
Latvia,LVA,2015,0.0
Latvia,LVA,2016,0.0
Latvia,LVA,2017,0.0
Latvia,LVA,2018,0.0
Latvia,LVA,2019,0.0
Latvia,LVA,2020,0.0
Lebanon,LBN,2000,0.0
Lebanon,LBN,2001,0.0
Lebanon,LBN,2002,0.0
Lebanon,LBN,2003,2.0
Lebanon,LBN,2004,0.0
Lebanon,LBN,2005,0.0
Lebanon,LBN,2006,0.0
Lebanon,LBN,2007,0.0
Lebanon,LBN,2008,0.0
Lebanon,LBN,2009,0.0
Lebanon,LBN,2010,0.0
Lebanon,LBN,2011,0.0
Lebanon,LBN,2012,0.0
Lebanon,LBN,2013,0.0
Lebanon,LBN,2014,0.0
Lebanon,LBN,2015,0.0
Lebanon,LBN,2016,0.0
Lebanon,LBN,2017,0.0
Lebanon,LBN,2018,0.0
Lebanon,LBN,2019,0.0
Lebanon,LBN,2020,0.0
Lesotho,LSO,2000,0.0
Lesotho,LSO,2001,0.0
Lesotho,LSO,2002,0.0
Lesotho,LSO,2003,0.0
Lesotho,LSO,2004,0.0
Lesotho,LSO,2005,0.0
Lesotho,LSO,2006,0.0
Lesotho,LSO,2007,0.0
Lesotho,LSO,2008,0.0
Lesotho,LSO,2009,0.0
Lesotho,LSO,2010,0.0
Lesotho,LSO,2011,0.0
Lesotho,LSO,2012,0.0
Lesotho,LSO,2013,0.0
Lesotho,LSO,2014,0.0
Lesotho,LSO,2015,0.0
Lesotho,LSO,2016,0.0
Lesotho,LSO,2017,0.0
Lesotho,LSO,2018,0.0
Lesotho,LSO,2019,0.0
Lesotho,LSO,2020,0.0
Liberia,LBR,2000,0.0
Liberia,LBR,2001,0.0
Liberia,LBR,2002,0.0
Liberia,LBR,2003,0.0
Liberia,LBR,2004,0.0
Liberia,LBR,2005,0.0
Liberia,LBR,2006,0.0
Liberia,LBR,2007,0.0
Liberia,LBR,2008,0.0
Liberia,LBR,2009,12.21
Liberia,LBR,2010,2.22
Liberia,LBR,2011,0.0
Liberia,LBR,2012,0.0
Liberia,LBR,2013,0.0
Liberia,LBR,2014,0.0
Liberia,LBR,2015,0.0
Liberia,LBR,2016,0.0
Liberia,LBR,2017,0.0
Liberia,LBR,2018,0.0
Liberia,LBR,2019,0.0
Liberia,LBR,2020,0.0
Libya,LBY,2000,0.0
Libya,LBY,2001,0.0
Libya,LBY,2002,0.0
Libya,LBY,2003,0.0
Libya,LBY,2004,0.0
Libya,LBY,2005,0.0
Libya,LBY,2006,0.0
Libya,LBY,2007,0.0
Libya,LBY,2008,0.0
Libya,LBY,2009,0.0
Libya,LBY,2010,0.0
Libya,LBY,2011,0.0
Libya,LBY,2012,0.0
Libya,LBY,2013,0.0
Libya,LBY,2014,0.0
Libya,LBY,2015,0.0
Libya,LBY,2016,0.0
Libya,LBY,2017,0.0
Libya,LBY,2018,0.0
Libya,LBY,2019,0.0
Libya,LBY,2020,0.0
Lithuania,LTU,2000,0.0
Lithuania,LTU,2001,0.0
Lithuania,LTU,2002,0.0
Lithuania,LTU,2003,0.0
Lithuania,LTU,2004,0.0
Lithuania,LTU,2005,0.0
Lithuania,LTU,2006,0.0
Lithuania,LTU,2007,0.0
Lithuania,LTU,2008,0.0
Lithuania,LTU,2009,0.0
Lithuania,LTU,2010,0.0
Lithuania,LTU,2011,0.0
Lithuania,LTU,2012,0.0
Lithuania,LTU,2013,0.0
Lithuania,LTU,2014,0.0
Lithuania,LTU,2015,0.0
Lithuania,LTU,2016,0.0
Lithuania,LTU,2017,0.0
Lithuania,LTU,2018,0.0
Lithuania,LTU,2019,0.0
Lithuania,LTU,2020,0.0
Luxembourg,LUX,2000,0.0
Luxembourg,LUX,2001,0.0
Luxembourg,LUX,2002,0.0
Luxembourg,LUX,2003,0.0
Luxembourg,LUX,2004,0.0
Luxembourg,LUX,2005,0.0
Luxembourg,LUX,2006,0.0
Luxembourg,LUX,2007,0.0
Luxembourg,LUX,2008,0.0
Luxembourg,LUX,2009,0.0
Luxembourg,LUX,2010,0.0
Luxembourg,LUX,2011,0.0
Luxembourg,LUX,2012,0.0
Luxembourg,LUX,2013,0.0
Luxembourg,LUX,2014,0.0
Luxembourg,LUX,2015,0.0
Luxembourg,LUX,2016,0.0
Luxembourg,LUX,2017,0.0
Luxembourg,LUX,2018,0.0
Luxembourg,LUX,2019,0.0
Luxembourg,LUX,2020,0.0
Macao,MAC,2001,0.0
Macao,MAC,2002,0.0
Macao,MAC,2003,0.0
Macao,MAC,2004,0.0
Macao,MAC,2005,0.0
Macao,MAC,2006,0.0
Macao,MAC,2007,0.0
Macao,MAC,2008,0.0
Macao,MAC,2009,0.0
Macao,MAC,2010,0.0
Macao,MAC,2011,0.0
Macao,MAC,2012,0.0
Macao,MAC,2013,0.0
Macao,MAC,2014,0.0
Macao,MAC,2015,0.0
Macao,MAC,2016,0.0
Macao,MAC,2017,0.0
Macao,MAC,2018,0.0
Macao,MAC,2019,0.0
Macao,MAC,2020,0.0
Madagascar,MDG,2000,0.0
Madagascar,MDG,2001,2.0
Madagascar,MDG,2002,8.0
Madagascar,MDG,2003,0.0
Madagascar,MDG,2004,0.0
Madagascar,MDG,2005,3.33
Madagascar,MDG,2006,0.0
Madagascar,MDG,2007,0.0
Madagascar,MDG,2008,0.0
Madagascar,MDG,2009,0.0
Madagascar,MDG,2010,0.0
Madagascar,MDG,2011,0.0
Madagascar,MDG,2012,0.0
Madagascar,MDG,2013,0.0
Madagascar,MDG,2014,1.11
Madagascar,MDG,2015,20.0
Madagascar,MDG,2016,0.0
Madagascar,MDG,2017,0.0
Madagascar,MDG,2018,0.0
Madagascar,MDG,2019,0.0
Madagascar,MDG,2020,4.0
Malawi,MWI,2000,0.0
Malawi,MWI,2001,0.0
Malawi,MWI,2002,0.0
Malawi,MWI,2003,0.0
Malawi,MWI,2004,0.0
Malawi,MWI,2005,0.0
Malawi,MWI,2006,0.0
Malawi,MWI,2007,0.0
Malawi,MWI,2008,0.0
Malawi,MWI,2009,0.0
Malawi,MWI,2010,0.0
Malawi,MWI,2011,0.0
Malawi,MWI,2012,0.0
Malawi,MWI,2013,0.0
Malawi,MWI,2014,0.0
Malawi,MWI,2015,0.0
Malawi,MWI,2016,0.0
Malawi,MWI,2017,0.0
Malawi,MWI,2018,0.0
Malawi,MWI,2019,0.0
Malawi,MWI,2020,0.0
Malaysia,MYS,2000,0.0
Malaysia,MYS,2001,0.0
Malaysia,MYS,2002,0.0
Malaysia,MYS,2003,0.0
Malaysia,MYS,2004,0.0
Malaysia,MYS,2005,0.0
Malaysia,MYS,2006,0.0
Malaysia,MYS,2007,0.0
Malaysia,MYS,2008,0.0
Malaysia,MYS,2009,0.0
Malaysia,MYS,2010,0.0
Malaysia,MYS,2011,0.0
Malaysia,MYS,2012,0.0
Malaysia,MYS,2013,0.0
Malaysia,MYS,2014,0.0
Malaysia,MYS,2015,0.0
Malaysia,MYS,2016,0.0
Malaysia,MYS,2017,0.0
Malaysia,MYS,2018,0.0
Malaysia,MYS,2019,6.0
Malaysia,MYS,2020,1.11
Maldives,MDV,2000,0.0
Maldives,MDV,2001,0.0
Maldives,MDV,2002,0.0
Maldives,MDV,2003,0.0
Maldives,MDV,2004,0.0
Maldives,MDV,2005,0.0
Maldives,MDV,2006,0.0
Maldives,MDV,2007,0.0
Maldives,MDV,2008,0.0
Maldives,MDV,2009,0.0
Maldives,MDV,2010,0.0
Maldives,MDV,2011,0.0
Maldives,MDV,2012,0.0
Maldives,MDV,2013,0.0
Maldives,MDV,2014,0.0
Maldives,MDV,2015,0.0
Maldives,MDV,2016,0.0
Maldives,MDV,2017,0.0
Maldives,MDV,2018,0.0
Maldives,MDV,2019,0.0
Maldives,MDV,2020,0.0
Mali,MLI,2000,0.0
Mali,MLI,2001,0.0
Mali,MLI,2002,0.0
Mali,MLI,2003,0.0
Mali,MLI,2004,21.09
Mali,MLI,2005,3.33
Mali,MLI,2006,0.0
Mali,MLI,2007,0.0
Mali,MLI,2008,1.11
Mali,MLI,2009,2.22
Mali,MLI,2010,4.44
Mali,MLI,2011,7.77
Mali,MLI,2012,0.0
Mali,MLI,2013,0.0
Mali,MLI,2014,0.0
Mali,MLI,2015,0.0
Mali,MLI,2016,0.0
Mali,MLI,2017,0.0
Mali,MLI,2018,0.0
Mali,MLI,2019,0.0
Mali,MLI,2020,104.0
Malta,MLT,2000,0.0
Malta,MLT,2001,0.0
Malta,MLT,2002,0.0
Malta,MLT,2003,0.0
Malta,MLT,2004,0.0
Malta,MLT,2005,0.0
Malta,MLT,2006,0.0
Malta,MLT,2007,0.0
Malta,MLT,2008,0.0
Malta,MLT,2009,0.0
Malta,MLT,2010,0.0
Malta,MLT,2011,0.0
Malta,MLT,2012,0.0
Malta,MLT,2013,0.0
Malta,MLT,2014,0.0
Malta,MLT,2015,0.0
Malta,MLT,2016,0.0
Malta,MLT,2017,0.0
Malta,MLT,2018,0.0
Malta,MLT,2019,0.0
Malta,MLT,2020,0.0
Marshall Islands,MHL,2000,0.0
Mauritania,MRT,2000,0.0
Mauritania,MRT,2001,1.11
Mauritania,MRT,2002,0.0
Mauritania,MRT,2003,0.0
Mauritania,MRT,2004,0.0
Mauritania,MRT,2005,0.0
Mauritania,MRT,2006,0.0
Mauritania,MRT,2007,0.0
Mauritania,MRT,2008,0.0
Mauritania,MRT,2009,14.43
Mauritania,MRT,2010,5.55
Mauritania,MRT,2011,0.0
Mauritania,MRT,2012,0.0
Mauritania,MRT,2013,0.0
Mauritania,MRT,2014,0.0
Mauritania,MRT,2015,0.0
Mauritania,MRT,2016,0.0
Mauritania,MRT,2017,0.0
Mauritania,MRT,2018,0.0
Mauritania,MRT,2019,0.0
Mauritania,MRT,2020,0.0
Mauritius,MUS,2000,0.0
Mauritius,MUS,2001,0.0
Mauritius,MUS,2002,0.0
Mauritius,MUS,2003,0.0
Mauritius,MUS,2004,0.0
Mauritius,MUS,2005,0.0
Mauritius,MUS,2006,0.0
Mauritius,MUS,2007,0.0
Mauritius,MUS,2008,0.0
Mauritius,MUS,2009,0.0
Mauritius,MUS,2010,0.0
Mauritius,MUS,2011,0.0
Mauritius,MUS,2012,0.0
Mauritius,MUS,2013,0.0
Mauritius,MUS,2014,0.0
Mauritius,MUS,2015,0.0
Mauritius,MUS,2016,0.0
Mauritius,MUS,2017,0.0
Mauritius,MUS,2018,0.0
Mauritius,MUS,2019,0.0
Mauritius,MUS,2020,0.0
Mexico,MEX,2000,0.0
Mexico,MEX,2001,0.0
Mexico,MEX,2002,0.0
Mexico,MEX,2003,0.0
Mexico,MEX,2004,0.0
Mexico,MEX,2005,0.0
Mexico,MEX,2006,0.0
Mexico,MEX,2007,0.0
Mexico,MEX,2008,0.0
Mexico,MEX,2009,0.0
Mexico,MEX,2010,0.0
Mexico,MEX,2011,0.0
Mexico,MEX,2012,0.0
Mexico,MEX,2013,0.0
Mexico,MEX,2014,0.0
Mexico,MEX,2015,0.0
Mexico,MEX,2016,0.0
Mexico,MEX,2017,0.0
Mexico,MEX,2018,0.0
Mexico,MEX,2019,0.0
Mexico,MEX,2020,0.0
Micronesia (country),FSM,2000,0.0
Moldova,MDA,2000,0.0
Moldova,MDA,2001,0.0
Moldova,MDA,2002,0.0
Moldova,MDA,2003,0.0
Moldova,MDA,2004,0.0
Moldova,MDA,2005,0.0
Moldova,MDA,2006,0.0
Moldova,MDA,2007,0.0
Moldova,MDA,2008,0.0
Moldova,MDA,2009,0.0
Moldova,MDA,2010,0.0
Moldova,MDA,2011,0.0
Moldova,MDA,2012,0.0
Moldova,MDA,2013,0.0
Moldova,MDA,2014,0.0
Moldova,MDA,2015,0.0
Moldova,MDA,2016,0.0
Moldova,MDA,2017,0.0
Moldova,MDA,2018,0.0
Moldova,MDA,2019,0.0
Moldova,MDA,2020,0.0
Monaco,MCO,2000,0.0
Monaco,MCO,2001,0.0
Monaco,MCO,2002,0.0
Monaco,MCO,2003,0.0
Monaco,MCO,2004,0.0
Monaco,MCO,2005,0.0
Monaco,MCO,2006,0.0
Monaco,MCO,2007,0.0
Monaco,MCO,2008,0.0
Monaco,MCO,2009,0.0
Monaco,MCO,2010,0.0
Monaco,MCO,2011,0.0
Monaco,MCO,2012,0.0
Monaco,MCO,2013,0.0
Monaco,MCO,2014,0.0
Monaco,MCO,2015,0.0
Monaco,MCO,2016,0.0
Monaco,MCO,2017,0.0
Monaco,MCO,2018,0.0
Monaco,MCO,2019,0.0
Monaco,MCO,2020,0.0
Mongolia,MNG,2000,0.0
Mongolia,MNG,2001,0.0
Mongolia,MNG,2002,0.0
Mongolia,MNG,2003,0.0
Mongolia,MNG,2004,0.0
Mongolia,MNG,2005,0.0
Mongolia,MNG,2006,0.0
Mongolia,MNG,2007,0.0
Mongolia,MNG,2008,0.0
Mongolia,MNG,2009,0.0
Mongolia,MNG,2010,0.0
Mongolia,MNG,2011,0.0
Mongolia,MNG,2012,0.0
Mongolia,MNG,2013,0.0
Mongolia,MNG,2014,0.0
Mongolia,MNG,2015,0.0
Mongolia,MNG,2016,0.0
Mongolia,MNG,2017,0.0
Mongolia,MNG,2018,0.0
Mongolia,MNG,2019,0.0
Mongolia,MNG,2020,0.0
Montenegro,MNE,2006,0.0
Montenegro,MNE,2007,0.0
Montenegro,MNE,2008,0.0
Montenegro,MNE,2009,0.0
Montenegro,MNE,2010,0.0
Montenegro,MNE,2011,0.0
Montenegro,MNE,2012,0.0
Montenegro,MNE,2013,0.0
Montenegro,MNE,2014,0.0
Montenegro,MNE,2015,0.0
Montenegro,MNE,2016,0.0
Montenegro,MNE,2017,0.0
Montenegro,MNE,2018,0.0
Montenegro,MNE,2019,0.0
Montenegro,MNE,2020,0.0
Morocco,MAR,2000,0.0
Morocco,MAR,2001,0.0
Morocco,MAR,2002,0.0
Morocco,MAR,2003,0.0
Morocco,MAR,2004,0.0
Morocco,MAR,2005,0.0
Morocco,MAR,2006,0.0
Morocco,MAR,2007,0.0
Morocco,MAR,2008,0.0
Morocco,MAR,2009,0.0
Morocco,MAR,2010,0.0
Morocco,MAR,2011,0.0
Morocco,MAR,2012,0.0
Morocco,MAR,2013,0.0
Morocco,MAR,2014,0.0
Morocco,MAR,2015,0.0
Morocco,MAR,2016,0.0
Morocco,MAR,2017,0.0
Morocco,MAR,2018,0.0
Morocco,MAR,2019,0.0
Morocco,MAR,2020,0.0
Mozambique,MOZ,2000,14.0
Mozambique,MOZ,2001,0.0
Mozambique,MOZ,2002,0.0
Mozambique,MOZ,2003,0.0
Mozambique,MOZ,2004,0.0
Mozambique,MOZ,2005,0.0
Mozambique,MOZ,2006,0.0
Mozambique,MOZ,2007,0.0
Mozambique,MOZ,2008,0.0
Mozambique,MOZ,2009,0.0
Mozambique,MOZ,2010,0.0
Mozambique,MOZ,2011,2.22
Mozambique,MOZ,2012,0.0
Mozambique,MOZ,2013,0.0
Mozambique,MOZ,2014,0.0
Mozambique,MOZ,2015,0.0
Mozambique,MOZ,2016,0.0
Mozambique,MOZ,2017,0.0
Mozambique,MOZ,2018,2.0
Mozambique,MOZ,2019,0.0
Mozambique,MOZ,2020,0.0
Myanmar,MMR,2000,308.0
Myanmar,MMR,2001,0.0
Myanmar,MMR,2002,0.0
Myanmar,MMR,2003,0.0
Myanmar,MMR,2004,0.0
Myanmar,MMR,2005,0.0
Myanmar,MMR,2006,1.11
Myanmar,MMR,2007,16.65
Myanmar,MMR,2008,0.0
Myanmar,MMR,2009,0.0
Myanmar,MMR,2010,0.0
Myanmar,MMR,2011,0.0
Myanmar,MMR,2012,0.0
Myanmar,MMR,2013,0.0
Myanmar,MMR,2014,0.0
Myanmar,MMR,2015,2.22
Myanmar,MMR,2016,0.0
Myanmar,MMR,2017,0.0
Myanmar,MMR,2018,0.0
Myanmar,MMR,2019,6.66
Myanmar,MMR,2020,0.0
Namibia,NAM,2000,0.0
Namibia,NAM,2001,0.0
Namibia,NAM,2002,0.0
Namibia,NAM,2003,0.0
Namibia,NAM,2004,0.0
Namibia,NAM,2005,0.0
Namibia,NAM,2006,21.09
Namibia,NAM,2007,0.0
Namibia,NAM,2008,0.0
Namibia,NAM,2009,0.0
Namibia,NAM,2010,0.0
Namibia,NAM,2011,0.0
Namibia,NAM,2012,0.0
Namibia,NAM,2013,0.0
Namibia,NAM,2014,0.0
Namibia,NAM,2015,0.0
Namibia,NAM,2016,0.0
Namibia,NAM,2017,0.0
Namibia,NAM,2018,0.0
Namibia,NAM,2019,0.0
Namibia,NAM,2020,0.0
Nauru,NRU,2000,0.0
Nepal,NPL,2000,203.0
Nepal,NPL,2001,0.0
Nepal,NPL,2002,0.0
Nepal,NPL,2003,0.0
Nepal,NPL,2004,0.0
Nepal,NPL,2005,4.44
Nepal,NPL,2006,5.55
Nepal,NPL,2007,5.55
Nepal,NPL,2008,6.66
Nepal,NPL,2009,0.0
Nepal,NPL,2010,6.66
Nepal,NPL,2011,0.0
Nepal,NPL,2012,0.0
Nepal,NPL,2013,0.0
Nepal,NPL,2014,0.0
Nepal,NPL,2015,0.0
Nepal,NPL,2016,0.0
Nepal,NPL,2017,0.0
Nepal,NPL,2018,0.0
Nepal,NPL,2019,0.0
Nepal,NPL,2020,0.0
Netherlands,NLD,2000,0.0
Netherlands,NLD,2001,0.0
Netherlands,NLD,2002,0.0
Netherlands,NLD,2003,0.0
Netherlands,NLD,2004,0.0
Netherlands,NLD,2005,0.0
Netherlands,NLD,2006,0.0
Netherlands,NLD,2007,0.0
Netherlands,NLD,2008,0.0
Netherlands,NLD,2009,0.0
Netherlands,NLD,2010,0.0
Netherlands,NLD,2011,0.0
Netherlands,NLD,2012,0.0
Netherlands,NLD,2013,0.0
Netherlands,NLD,2014,0.0
Netherlands,NLD,2015,0.0
Netherlands,NLD,2016,0.0
Netherlands,NLD,2017,0.0
Netherlands,NLD,2018,0.0
Netherlands,NLD,2019,0.0
Netherlands,NLD,2020,0.0
New Zealand,NZL,2000,0.0
New Zealand,NZL,2001,0.0
New Zealand,NZL,2002,0.0
New Zealand,NZL,2003,0.0
New Zealand,NZL,2004,0.0
New Zealand,NZL,2005,0.0
New Zealand,NZL,2006,0.0
New Zealand,NZL,2007,0.0
New Zealand,NZL,2008,0.0
New Zealand,NZL,2009,0.0
New Zealand,NZL,2010,0.0
New Zealand,NZL,2011,0.0
New Zealand,NZL,2012,0.0
New Zealand,NZL,2013,0.0
New Zealand,NZL,2014,0.0
New Zealand,NZL,2015,0.0
New Zealand,NZL,2016,0.0
New Zealand,NZL,2017,0.0
New Zealand,NZL,2018,0.0
New Zealand,NZL,2019,0.0
New Zealand,NZL,2020,0.0
Nicaragua,NIC,2000,0.0
Nicaragua,NIC,2001,0.0
Nicaragua,NIC,2002,0.0
Nicaragua,NIC,2003,0.0
Nicaragua,NIC,2004,0.0
Nicaragua,NIC,2005,0.0
Nicaragua,NIC,2006,0.0
Nicaragua,NIC,2007,0.0
Nicaragua,NIC,2008,0.0
Nicaragua,NIC,2009,0.0
Nicaragua,NIC,2010,0.0
Nicaragua,NIC,2011,0.0
Nicaragua,NIC,2012,0.0
Nicaragua,NIC,2013,0.0
Nicaragua,NIC,2014,0.0
Nicaragua,NIC,2015,0.0
Nicaragua,NIC,2016,0.0
Nicaragua,NIC,2017,0.0
Nicaragua,NIC,2018,0.0
Nicaragua,NIC,2019,0.0
Nicaragua,NIC,2020,0.0
Niger,NER,2000,231.0
Niger,NER,2001,6.66
Niger,NER,2002,3.33
Niger,NER,2003,80.0
Niger,NER,2004,27.75
Niger,NER,2005,11.1
Niger,NER,2006,14.43
Niger,NER,2007,12.21
Niger,NER,2008,13.32
Niger,NER,2009,30.0
Niger,NER,2010,3.33
Niger,NER,2011,6.66
Niger,NER,2012,2.0
Niger,NER,2013,1.11
Niger,NER,2014,0.0
Niger,NER,2015,0.0
Niger,NER,2016,0.0
Niger,NER,2017,0.0
Niger,NER,2018,20.0
Niger,NER,2019,1.11
Niger,NER,2020,20.0
Nigeria,NGA,2000,4466.0
Nigeria,NGA,2001,112.0
Nigeria,NGA,2002,224.22
Nigeria,NGA,2003,394.05
Nigeria,NGA,2004,868.02
Nigeria,NGA,2005,922.41
Nigeria,NGA,2006,1268.73
Nigeria,NGA,2007,391.83
Nigeria,NGA,2008,961.26
Nigeria,NGA,2009,601.62
Nigeria,NGA,2010,53.28
Nigeria,NGA,2011,105.45
Nigeria,NGA,2012,144.3
Nigeria,NGA,2013,63.27
Nigeria,NGA,2014,39.96
Nigeria,NGA,2015,1.11
Nigeria,NGA,2016,5.55
Nigeria,NGA,2017,0.0
Nigeria,NGA,2018,37.74
Nigeria,NGA,2019,19.98
Nigeria,NGA,2020,8.88
Niue,NIU,2000,0.0
North America,,2000,84.0
North America,,2001,63.0
North America,,2002,0.0
North America,,2003,0.0
North America,,2004,0.0
North America,,2005,0.0
North America,,2006,0.0
North America,,2007,0.0
North America,,2008,0.0
North America,,2009,0.0
North America,,2010,0.0
North America,,2011,0.0
North America,,2012,0.0
North America,,2013,0.0
North America,,2014,0.0
North America,,2015,0.0
North America,,2016,0.0
North America,,2017,0.0
North America,,2018,0.0
North America,,2019,0.0
North America,,2020,0.0
North Korea,PRK,2000,0.0
North Korea,PRK,2001,0.0
North Korea,PRK,2002,0.0
North Korea,PRK,2003,0.0
North Korea,PRK,2004,0.0
North Korea,PRK,2005,0.0
North Korea,PRK,2006,0.0
North Korea,PRK,2007,0.0
North Korea,PRK,2008,0.0
North Korea,PRK,2009,0.0
North Korea,PRK,2010,0.0
North Korea,PRK,2011,0.0
North Korea,PRK,2012,0.0
North Korea,PRK,2013,0.0
North Korea,PRK,2014,0.0
North Korea,PRK,2015,0.0
North Korea,PRK,2016,0.0
North Korea,PRK,2017,0.0
North Korea,PRK,2018,0.0
North Korea,PRK,2019,0.0
North Korea,PRK,2020,0.0
North Macedonia,MKD,2000,0.0
North Macedonia,MKD,2001,0.0
North Macedonia,MKD,2002,0.0
North Macedonia,MKD,2003,0.0
North Macedonia,MKD,2004,0.0
North Macedonia,MKD,2005,0.0
North Macedonia,MKD,2006,0.0
North Macedonia,MKD,2007,0.0
North Macedonia,MKD,2008,0.0
North Macedonia,MKD,2009,0.0
North Macedonia,MKD,2010,0.0
North Macedonia,MKD,2011,0.0
North Macedonia,MKD,2012,0.0
North Macedonia,MKD,2013,0.0
North Macedonia,MKD,2014,0.0
North Macedonia,MKD,2015,0.0
North Macedonia,MKD,2016,0.0
North Macedonia,MKD,2017,0.0
North Macedonia,MKD,2018,0.0
North Macedonia,MKD,2019,0.0
North Macedonia,MKD,2020,0.0
Norway,NOR,2000,0.0
Norway,NOR,2001,0.0
Norway,NOR,2002,0.0
Norway,NOR,2003,0.0
Norway,NOR,2004,0.0
Norway,NOR,2005,0.0
Norway,NOR,2006,0.0
Norway,NOR,2007,0.0
Norway,NOR,2008,0.0
Norway,NOR,2009,0.0
Norway,NOR,2010,0.0
Norway,NOR,2011,0.0
Norway,NOR,2012,0.0
Norway,NOR,2013,0.0
Norway,NOR,2014,0.0
Norway,NOR,2015,0.0
Norway,NOR,2016,0.0
Norway,NOR,2017,0.0
Norway,NOR,2018,0.0
Norway,NOR,2019,0.0
Norway,NOR,2020,0.0
Oceania,,2000,0.0
Oceania,,2001,0.0
Oceania,,2002,0.0
Oceania,,2003,0.0
Oceania,,2004,0.0
Oceania,,2005,0.0
Oceania,,2006,0.0
Oceania,,2007,0.0
Oceania,,2008,0.0
Oceania,,2009,0.0
Oceania,,2010,0.0
Oceania,,2011,0.0
Oceania,,2012,0.0
Oceania,,2013,0.0
Oceania,,2014,0.0
Oceania,,2015,0.0
Oceania,,2016,0.0
Oceania,,2017,0.0
Oceania,,2018,182.0
Oceania,,2019,0.0
Oceania,,2020,0.0
Oman,OMN,2000,0.0
Oman,OMN,2001,0.0
Oman,OMN,2002,0.0
Oman,OMN,2003,0.0
Oman,OMN,2004,0.0
Oman,OMN,2005,0.0
Oman,OMN,2006,0.0
Oman,OMN,2007,0.0
Oman,OMN,2008,0.0
Oman,OMN,2009,0.0
Oman,OMN,2010,0.0
Oman,OMN,2011,0.0
Oman,OMN,2012,0.0
Oman,OMN,2013,0.0
Oman,OMN,2014,0.0
Oman,OMN,2015,0.0
Oman,OMN,2016,0.0
Oman,OMN,2017,0.0
Oman,OMN,2018,0.0
Oman,OMN,2019,0.0
Oman,OMN,2020,0.0
Pakistan,PAK,2000,1393.0
Pakistan,PAK,2001,132.09
Pakistan,PAK,2002,99.9
Pakistan,PAK,2003,114.33
Pakistan,PAK,2004,58.83
Pakistan,PAK,2005,31.08
Pakistan,PAK,2006,44.4
Pakistan,PAK,2007,35.52
Pakistan,PAK,2008,129.87
Pakistan,PAK,2009,98.79
Pakistan,PAK,2010,159.84
Pakistan,PAK,2011,219.78
Pakistan,PAK,2012,82.14
Pakistan,PAK,2013,156.51
Pakistan,PAK,2014,364.08
Pakistan,PAK,2015,62.16
Pakistan,PAK,2016,23.31
Pakistan,PAK,2017,8.88
Pakistan,PAK,2018,13.32
Pakistan,PAK,2019,187.59
Pakistan,PAK,2020,243.09
Palau,PLW,2000,0.0
Palestine,PSE,2001,0.0
Palestine,PSE,2002,0.0
Palestine,PSE,2003,0.0
Palestine,PSE,2004,0.0
Palestine,PSE,2005,0.0
Palestine,PSE,2006,0.0
Palestine,PSE,2007,0.0
Palestine,PSE,2008,0.0
Palestine,PSE,2009,0.0
Palestine,PSE,2010,0.0
Palestine,PSE,2011,0.0
Palestine,PSE,2012,0.0
Palestine,PSE,2013,0.0
Palestine,PSE,2014,0.0
Palestine,PSE,2015,0.0
Palestine,PSE,2016,0.0
Palestine,PSE,2017,0.0
Palestine,PSE,2018,0.0
Palestine,PSE,2019,0.0
Palestine,PSE,2020,0.0
Panama,PAN,2000,0.0
Panama,PAN,2001,0.0
Panama,PAN,2002,0.0
Panama,PAN,2003,0.0
Panama,PAN,2004,0.0
Panama,PAN,2005,0.0
Panama,PAN,2006,0.0
Panama,PAN,2007,0.0
Panama,PAN,2008,0.0
Panama,PAN,2009,0.0
Panama,PAN,2010,0.0
Panama,PAN,2011,0.0
Panama,PAN,2012,0.0
Panama,PAN,2013,0.0
Panama,PAN,2014,0.0
Panama,PAN,2015,0.0
Panama,PAN,2016,0.0
Panama,PAN,2017,0.0
Panama,PAN,2018,0.0
Panama,PAN,2019,0.0
Panama,PAN,2020,0.0
Papua New Guinea,PNG,2000,0.0
Papua New Guinea,PNG,2001,0.0
Papua New Guinea,PNG,2002,0.0
Papua New Guinea,PNG,2003,0.0
Papua New Guinea,PNG,2004,0.0
Papua New Guinea,PNG,2005,0.0
Papua New Guinea,PNG,2006,0.0
Papua New Guinea,PNG,2007,0.0
Papua New Guinea,PNG,2008,0.0
Papua New Guinea,PNG,2009,0.0
Papua New Guinea,PNG,2010,0.0
Papua New Guinea,PNG,2011,0.0
Papua New Guinea,PNG,2012,0.0
Papua New Guinea,PNG,2013,0.0
Papua New Guinea,PNG,2014,0.0
Papua New Guinea,PNG,2015,0.0
Papua New Guinea,PNG,2016,0.0
Papua New Guinea,PNG,2017,0.0
Papua New Guinea,PNG,2018,52.0
Papua New Guinea,PNG,2019,0.0
Papua New Guinea,PNG,2020,0.0
Paraguay,PRY,2000,0.0
Paraguay,PRY,2001,0.0
Paraguay,PRY,2002,0.0
Paraguay,PRY,2003,0.0
Paraguay,PRY,2004,0.0
Paraguay,PRY,2005,0.0
Paraguay,PRY,2006,0.0
Paraguay,PRY,2007,0.0
Paraguay,PRY,2008,0.0
Paraguay,PRY,2009,0.0
Paraguay,PRY,2010,0.0
Paraguay,PRY,2011,0.0
Paraguay,PRY,2012,0.0
Paraguay,PRY,2013,0.0
Paraguay,PRY,2014,0.0
Paraguay,PRY,2015,0.0
Paraguay,PRY,2016,0.0
Paraguay,PRY,2017,0.0
Paraguay,PRY,2018,0.0
Paraguay,PRY,2019,0.0
Paraguay,PRY,2020,0.0
Peru,PER,2000,0.0
Peru,PER,2001,0.0
Peru,PER,2002,0.0
Peru,PER,2003,0.0
Peru,PER,2004,0.0
Peru,PER,2005,0.0
Peru,PER,2006,0.0
Peru,PER,2007,0.0
Peru,PER,2008,0.0
Peru,PER,2009,0.0
Peru,PER,2010,0.0
Peru,PER,2011,0.0
Peru,PER,2012,0.0
Peru,PER,2013,0.0
Peru,PER,2014,0.0
Peru,PER,2015,0.0
Peru,PER,2016,0.0
Peru,PER,2017,0.0
Peru,PER,2018,0.0
Peru,PER,2019,0.0
Peru,PER,2020,0.0
Philippines,PHL,2000,0.0
Philippines,PHL,2001,6.0
Philippines,PHL,2002,0.0
Philippines,PHL,2003,0.0
Philippines,PHL,2004,0.0
Philippines,PHL,2005,0.0
Philippines,PHL,2006,0.0
Philippines,PHL,2007,0.0
Philippines,PHL,2008,0.0
Philippines,PHL,2009,0.0
Philippines,PHL,2010,0.0
Philippines,PHL,2011,0.0
Philippines,PHL,2012,0.0
Philippines,PHL,2013,0.0
Philippines,PHL,2014,0.0
Philippines,PHL,2015,0.0
Philippines,PHL,2016,0.0
Philippines,PHL,2017,0.0
Philippines,PHL,2018,0.0
Philippines,PHL,2019,28.0
Philippines,PHL,2020,2.0
Poland,POL,2000,0.0
Poland,POL,2001,0.0
Poland,POL,2002,0.0
Poland,POL,2003,0.0
Poland,POL,2004,0.0
Poland,POL,2005,0.0
Poland,POL,2006,0.0
Poland,POL,2007,0.0
Poland,POL,2008,0.0
Poland,POL,2009,0.0
Poland,POL,2010,0.0
Poland,POL,2011,0.0
Poland,POL,2012,0.0
Poland,POL,2013,0.0
Poland,POL,2014,0.0
Poland,POL,2015,0.0
Poland,POL,2016,0.0
Poland,POL,2017,0.0
Poland,POL,2018,0.0
Poland,POL,2019,0.0
Poland,POL,2020,0.0
Portugal,PRT,2000,0.0
Portugal,PRT,2001,0.0
Portugal,PRT,2002,0.0
Portugal,PRT,2003,0.0
Portugal,PRT,2004,0.0
Portugal,PRT,2005,0.0
Portugal,PRT,2006,0.0
Portugal,PRT,2007,0.0
Portugal,PRT,2008,0.0
Portugal,PRT,2009,0.0
Portugal,PRT,2010,0.0
Portugal,PRT,2011,0.0
Portugal,PRT,2012,0.0
Portugal,PRT,2013,0.0
Portugal,PRT,2014,0.0
Portugal,PRT,2015,0.0
Portugal,PRT,2016,0.0
Portugal,PRT,2017,0.0
Portugal,PRT,2018,0.0
Portugal,PRT,2019,0.0
Portugal,PRT,2020,0.0
Qatar,QAT,2000,0.0
Qatar,QAT,2001,0.0
Qatar,QAT,2002,0.0
Qatar,QAT,2003,0.0
Qatar,QAT,2004,0.0
Qatar,QAT,2005,0.0
Qatar,QAT,2006,0.0
Qatar,QAT,2007,0.0
Qatar,QAT,2008,0.0
Qatar,QAT,2009,0.0
Qatar,QAT,2010,0.0
Qatar,QAT,2011,0.0
Qatar,QAT,2012,0.0
Qatar,QAT,2013,0.0
Qatar,QAT,2014,0.0
Qatar,QAT,2015,0.0
Qatar,QAT,2016,0.0
Qatar,QAT,2017,0.0
Qatar,QAT,2018,0.0
Qatar,QAT,2019,0.0
Qatar,QAT,2020,0.0
Reunion,REU,2001,0.0
Reunion,REU,2002,0.0
Reunion,REU,2003,0.0
Reunion,REU,2004,0.0
Reunion,REU,2005,0.0
Reunion,REU,2006,0.0
Reunion,REU,2007,0.0
Reunion,REU,2008,0.0
Reunion,REU,2009,0.0
Reunion,REU,2010,0.0
Reunion,REU,2011,0.0
Reunion,REU,2012,0.0
Reunion,REU,2013,0.0
Reunion,REU,2014,0.0
Reunion,REU,2015,0.0
Reunion,REU,2016,0.0
Reunion,REU,2017,0.0
Reunion,REU,2018,0.0
Reunion,REU,2019,0.0
Reunion,REU,2020,0.0
Romania,ROU,2000,0.0
Romania,ROU,2001,0.0
Romania,ROU,2002,0.0
Romania,ROU,2003,0.0
Romania,ROU,2004,0.0
Romania,ROU,2005,0.0
Romania,ROU,2006,0.0
Romania,ROU,2007,0.0
Romania,ROU,2008,0.0
Romania,ROU,2009,0.0
Romania,ROU,2010,0.0
Romania,ROU,2011,0.0
Romania,ROU,2012,0.0
Romania,ROU,2013,0.0
Romania,ROU,2014,0.0
Romania,ROU,2015,0.0
Romania,ROU,2016,0.0
Romania,ROU,2017,0.0
Romania,ROU,2018,0.0
Romania,ROU,2019,0.0
Romania,ROU,2020,0.0
Russia,RUS,2000,0.0
Russia,RUS,2001,0.0
Russia,RUS,2002,0.0
Russia,RUS,2003,0.0
Russia,RUS,2004,0.0
Russia,RUS,2005,0.0
Russia,RUS,2006,0.0
Russia,RUS,2007,0.0
Russia,RUS,2008,0.0
Russia,RUS,2009,0.0
Russia,RUS,2010,28.0
Russia,RUS,2011,0.0
Russia,RUS,2012,0.0
Russia,RUS,2013,0.0
Russia,RUS,2014,0.0
Russia,RUS,2015,0.0
Russia,RUS,2016,0.0
Russia,RUS,2017,0.0
Russia,RUS,2018,0.0
Russia,RUS,2019,0.0
Russia,RUS,2020,0.0
Rwanda,RWA,2000,0.0
Rwanda,RWA,2001,0.0
Rwanda,RWA,2002,0.0
Rwanda,RWA,2003,0.0
Rwanda,RWA,2004,0.0
Rwanda,RWA,2005,0.0
Rwanda,RWA,2006,0.0
Rwanda,RWA,2007,0.0
Rwanda,RWA,2008,0.0
Rwanda,RWA,2009,0.0
Rwanda,RWA,2010,0.0
Rwanda,RWA,2011,0.0
Rwanda,RWA,2012,0.0
Rwanda,RWA,2013,0.0
Rwanda,RWA,2014,0.0
Rwanda,RWA,2015,0.0
Rwanda,RWA,2016,0.0
Rwanda,RWA,2017,0.0
Rwanda,RWA,2018,0.0
Rwanda,RWA,2019,0.0
Rwanda,RWA,2020,0.0
Saint Helena,SHN,2001,0.0
Saint Helena,SHN,2002,0.0
Saint Helena,SHN,2003,0.0
Saint Helena,SHN,2004,0.0
Saint Helena,SHN,2005,0.0
Saint Helena,SHN,2006,0.0
Saint Helena,SHN,2007,0.0
Saint Helena,SHN,2008,0.0
Saint Helena,SHN,2009,0.0
Saint Helena,SHN,2010,0.0
Saint Helena,SHN,2011,0.0
Saint Helena,SHN,2012,0.0
Saint Helena,SHN,2013,0.0
Saint Helena,SHN,2014,0.0
Saint Helena,SHN,2015,0.0
Saint Helena,SHN,2016,0.0
Saint Helena,SHN,2017,0.0
Saint Helena,SHN,2018,0.0
Saint Helena,SHN,2019,0.0
Saint Helena,SHN,2020,0.0
Saint Kitts and Nevis,KNA,2000,0.0
Saint Lucia,LCA,2000,0.0
Saint Vincent and the Grenadines,VCT,2000,0.0
Samoa,WSM,2000,0.0
San Marino,SMR,2000,0.0
San Marino,SMR,2001,0.0
San Marino,SMR,2002,0.0
San Marino,SMR,2003,0.0
San Marino,SMR,2004,0.0
San Marino,SMR,2005,0.0
San Marino,SMR,2006,0.0
San Marino,SMR,2007,0.0
San Marino,SMR,2008,0.0
San Marino,SMR,2009,0.0
San Marino,SMR,2010,0.0
San Marino,SMR,2011,0.0
San Marino,SMR,2012,0.0
San Marino,SMR,2013,0.0
San Marino,SMR,2014,0.0
San Marino,SMR,2015,0.0
San Marino,SMR,2016,0.0
San Marino,SMR,2017,0.0
San Marino,SMR,2018,0.0
San Marino,SMR,2019,0.0
San Marino,SMR,2020,0.0
Sao Tome and Principe,STP,2000,0.0
Sao Tome and Principe,STP,2001,0.0
Sao Tome and Principe,STP,2002,0.0
Sao Tome and Principe,STP,2003,0.0
Sao Tome and Principe,STP,2004,0.0
Sao Tome and Principe,STP,2005,0.0
Sao Tome and Principe,STP,2006,0.0
Sao Tome and Principe,STP,2007,0.0
Sao Tome and Principe,STP,2008,0.0
Sao Tome and Principe,STP,2009,0.0
Sao Tome and Principe,STP,2010,0.0
Sao Tome and Principe,STP,2011,0.0
Sao Tome and Principe,STP,2012,0.0
Sao Tome and Principe,STP,2013,0.0
Sao Tome and Principe,STP,2014,0.0
Sao Tome and Principe,STP,2015,0.0
Sao Tome and Principe,STP,2016,0.0
Sao Tome and Principe,STP,2017,0.0
Sao Tome and Principe,STP,2018,0.0
Sao Tome and Principe,STP,2019,0.0
Sao Tome and Principe,STP,2020,0.0
Saudi Arabia,SAU,2000,0.0
Saudi Arabia,SAU,2001,0.0
Saudi Arabia,SAU,2002,0.0
Saudi Arabia,SAU,2003,0.0
Saudi Arabia,SAU,2004,4.0
Saudi Arabia,SAU,2005,0.0
Saudi Arabia,SAU,2006,0.0
Saudi Arabia,SAU,2007,0.0
Saudi Arabia,SAU,2008,0.0
Saudi Arabia,SAU,2009,0.0
Saudi Arabia,SAU,2010,0.0
Saudi Arabia,SAU,2011,0.0
Saudi Arabia,SAU,2012,0.0
Saudi Arabia,SAU,2013,0.0
Saudi Arabia,SAU,2014,0.0
Saudi Arabia,SAU,2015,0.0
Saudi Arabia,SAU,2016,0.0
Saudi Arabia,SAU,2017,0.0
Saudi Arabia,SAU,2018,0.0
Saudi Arabia,SAU,2019,0.0
Saudi Arabia,SAU,2020,0.0
Senegal,SEN,2000,0.0
Senegal,SEN,2001,0.0
Senegal,SEN,2002,0.0
Senegal,SEN,2003,0.0
Senegal,SEN,2004,0.0
Senegal,SEN,2005,0.0
Senegal,SEN,2006,0.0
Senegal,SEN,2007,0.0
Senegal,SEN,2008,0.0
Senegal,SEN,2009,0.0
Senegal,SEN,2010,36.0
Senegal,SEN,2011,0.0
Senegal,SEN,2012,0.0
Senegal,SEN,2013,0.0
Senegal,SEN,2014,0.0
Senegal,SEN,2015,0.0
Senegal,SEN,2016,0.0
Senegal,SEN,2017,0.0
Senegal,SEN,2018,0.0
Senegal,SEN,2019,0.0
Senegal,SEN,2020,0.0
Serbia,SRB,2000,0.0
Serbia,SRB,2006,0.0
Serbia,SRB,2007,0.0
Serbia,SRB,2008,0.0
Serbia,SRB,2009,0.0
Serbia,SRB,2010,0.0
Serbia,SRB,2011,0.0
Serbia,SRB,2012,0.0
Serbia,SRB,2013,0.0
Serbia,SRB,2014,0.0
Serbia,SRB,2015,0.0
Serbia,SRB,2016,0.0
Serbia,SRB,2017,0.0
Serbia,SRB,2018,0.0
Serbia,SRB,2019,0.0
Serbia,SRB,2020,0.0
Serbia and Montenegro,OWID_SRM,2003,0.0
Serbia and Montenegro,OWID_SRM,2004,0.0
Serbia and Montenegro,OWID_SRM,2005,0.0
Seychelles,SYC,2000,0.0
Seychelles,SYC,2001,0.0
Seychelles,SYC,2002,0.0
Seychelles,SYC,2003,0.0
Seychelles,SYC,2004,0.0
Seychelles,SYC,2005,0.0
Seychelles,SYC,2006,0.0
Seychelles,SYC,2007,0.0
Seychelles,SYC,2008,0.0
Seychelles,SYC,2009,0.0
Seychelles,SYC,2010,0.0
Seychelles,SYC,2011,0.0
Seychelles,SYC,2012,0.0
Seychelles,SYC,2013,0.0
Seychelles,SYC,2014,0.0
Seychelles,SYC,2015,0.0
Seychelles,SYC,2016,0.0
Seychelles,SYC,2017,0.0
Seychelles,SYC,2018,0.0
Seychelles,SYC,2019,0.0
Seychelles,SYC,2020,0.0
Sierra Leone,SLE,2000,238.0
Sierra Leone,SLE,2001,0.0
Sierra Leone,SLE,2002,0.0
Sierra Leone,SLE,2003,0.0
Sierra Leone,SLE,2004,0.0
Sierra Leone,SLE,2005,0.0
Sierra Leone,SLE,2006,0.0
Sierra Leone,SLE,2007,0.0
Sierra Leone,SLE,2008,0.0
Sierra Leone,SLE,2009,12.21
Sierra Leone,SLE,2010,1.11
Sierra Leone,SLE,2011,0.0
Sierra Leone,SLE,2012,0.0
Sierra Leone,SLE,2013,0.0
Sierra Leone,SLE,2014,0.0
Sierra Leone,SLE,2015,0.0
Sierra Leone,SLE,2016,0.0
Sierra Leone,SLE,2017,0.0
Sierra Leone,SLE,2018,0.0
Sierra Leone,SLE,2019,0.0
Sierra Leone,SLE,2020,20.0
Singapore,SGP,2000,0.0
Singapore,SGP,2001,0.0
Singapore,SGP,2002,0.0
Singapore,SGP,2003,0.0
Singapore,SGP,2004,0.0
Singapore,SGP,2005,0.0
Singapore,SGP,2006,0.0
Singapore,SGP,2007,0.0
Singapore,SGP,2008,0.0
Singapore,SGP,2009,0.0
Singapore,SGP,2010,0.0
Singapore,SGP,2011,0.0
Singapore,SGP,2012,0.0
Singapore,SGP,2013,0.0
Singapore,SGP,2014,0.0
Singapore,SGP,2015,0.0
Singapore,SGP,2016,0.0
Singapore,SGP,2017,0.0
Singapore,SGP,2018,0.0
Singapore,SGP,2019,0.0
Singapore,SGP,2020,0.0
Slovakia,SVK,2000,0.0
Slovakia,SVK,2001,0.0
Slovakia,SVK,2002,0.0
Slovakia,SVK,2003,0.0
Slovakia,SVK,2004,0.0
Slovakia,SVK,2005,0.0
Slovakia,SVK,2006,0.0
Slovakia,SVK,2007,0.0
Slovakia,SVK,2008,0.0
Slovakia,SVK,2009,0.0
Slovakia,SVK,2010,0.0
Slovakia,SVK,2011,0.0
Slovakia,SVK,2012,0.0
Slovakia,SVK,2013,0.0
Slovakia,SVK,2014,0.0
Slovakia,SVK,2015,0.0
Slovakia,SVK,2016,0.0
Slovakia,SVK,2017,0.0
Slovakia,SVK,2018,0.0
Slovakia,SVK,2019,0.0
Slovakia,SVK,2020,0.0
Slovenia,SVN,2000,0.0
Slovenia,SVN,2001,0.0
Slovenia,SVN,2002,0.0
Slovenia,SVN,2003,0.0
Slovenia,SVN,2004,0.0
Slovenia,SVN,2005,0.0
Slovenia,SVN,2006,0.0
Slovenia,SVN,2007,0.0
Slovenia,SVN,2008,0.0
Slovenia,SVN,2009,0.0
Slovenia,SVN,2010,0.0
Slovenia,SVN,2011,0.0
Slovenia,SVN,2012,0.0
Slovenia,SVN,2013,0.0
Slovenia,SVN,2014,0.0
Slovenia,SVN,2015,0.0
Slovenia,SVN,2016,0.0
Slovenia,SVN,2017,0.0
Slovenia,SVN,2018,0.0
Slovenia,SVN,2019,0.0
Slovenia,SVN,2020,0.0
Solomon Islands,SLB,2000,0.0
Somalia,SOM,2000,672.0
Somalia,SOM,2001,14.0
Somalia,SOM,2002,6.0
Somalia,SOM,2003,0.0
Somalia,SOM,2004,0.0
Somalia,SOM,2005,205.35
Somalia,SOM,2006,38.85
Somalia,SOM,2007,8.88
Somalia,SOM,2008,1.11
Somalia,SOM,2009,6.66
Somalia,SOM,2010,1.11
Somalia,SOM,2011,9.99
Somalia,SOM,2012,1.11
Somalia,SOM,2013,216.45
Somalia,SOM,2014,5.55
Somalia,SOM,2015,0.0
Somalia,SOM,2016,0.0
Somalia,SOM,2017,0.0
Somalia,SOM,2018,14.43
Somalia,SOM,2019,3.33
Somalia,SOM,2020,15.54
South Africa,ZAF,2000,0.0
South Africa,ZAF,2001,0.0
South Africa,ZAF,2002,0.0
South Africa,ZAF,2003,0.0
South Africa,ZAF,2004,0.0
South Africa,ZAF,2005,0.0
South Africa,ZAF,2006,0.0
South Africa,ZAF,2007,0.0
South Africa,ZAF,2008,0.0
South Africa,ZAF,2009,0.0
South Africa,ZAF,2010,0.0
South Africa,ZAF,2011,0.0
South Africa,ZAF,2012,0.0
South Africa,ZAF,2013,0.0
South Africa,ZAF,2014,0.0
South Africa,ZAF,2015,0.0
South Africa,ZAF,2016,0.0
South Africa,ZAF,2017,0.0
South Africa,ZAF,2018,0.0
South Africa,ZAF,2019,0.0
South Africa,ZAF,2020,0.0
South America,,2000,0.0
South America,,2001,0.0
South America,,2002,0.0
South America,,2003,0.0
South America,,2004,0.0
South America,,2005,0.0
South America,,2006,0.0
South America,,2007,0.0
South America,,2008,0.0
South America,,2009,0.0
South America,,2010,0.0
South America,,2011,0.0
South America,,2012,0.0
South America,,2013,0.0
South America,,2014,0.0
South America,,2015,0.0
South America,,2016,0.0
South America,,2017,0.0
South America,,2018,0.0
South America,,2019,0.0
South America,,2020,0.0
South Korea,KOR,2000,0.0
South Korea,KOR,2001,0.0
South Korea,KOR,2002,0.0
South Korea,KOR,2003,0.0
South Korea,KOR,2004,0.0
South Korea,KOR,2005,0.0
South Korea,KOR,2006,0.0
South Korea,KOR,2007,0.0
South Korea,KOR,2008,0.0
South Korea,KOR,2009,0.0
South Korea,KOR,2010,0.0
South Korea,KOR,2011,0.0
South Korea,KOR,2012,0.0
South Korea,KOR,2013,0.0
South Korea,KOR,2014,0.0
South Korea,KOR,2015,0.0
South Korea,KOR,2016,0.0
South Korea,KOR,2017,0.0
South Korea,KOR,2018,0.0
South Korea,KOR,2019,0.0
South Korea,KOR,2020,0.0
South Sudan,SSD,2000,0.0
South Sudan,SSD,2012,0.0
South Sudan,SSD,2013,0.0
South Sudan,SSD,2014,2.22
South Sudan,SSD,2015,0.0
South Sudan,SSD,2016,0.0
South Sudan,SSD,2017,0.0
South Sudan,SSD,2018,0.0
South Sudan,SSD,2019,0.0
South Sudan,SSD,2020,100.0
Spain,ESP,2000,0.0
Spain,ESP,2001,0.0
Spain,ESP,2002,0.0
Spain,ESP,2003,0.0
Spain,ESP,2004,0.0
Spain,ESP,2005,0.0
Spain,ESP,2006,0.0
Spain,ESP,2007,0.0
Spain,ESP,2008,0.0
Spain,ESP,2009,0.0
Spain,ESP,2010,0.0
Spain,ESP,2011,0.0
Spain,ESP,2012,0.0
Spain,ESP,2013,0.0
Spain,ESP,2014,0.0
Spain,ESP,2015,0.0
Spain,ESP,2016,0.0
Spain,ESP,2017,0.0
Spain,ESP,2018,0.0
Spain,ESP,2019,0.0
Spain,ESP,2020,0.0
Sri Lanka,LKA,2000,0.0
Sri Lanka,LKA,2001,0.0
Sri Lanka,LKA,2002,0.0
Sri Lanka,LKA,2003,0.0
Sri Lanka,LKA,2004,0.0
Sri Lanka,LKA,2005,0.0
Sri Lanka,LKA,2006,0.0
Sri Lanka,LKA,2007,0.0
Sri Lanka,LKA,2008,0.0
Sri Lanka,LKA,2009,0.0
Sri Lanka,LKA,2010,0.0
Sri Lanka,LKA,2011,0.0
Sri Lanka,LKA,2012,0.0
Sri Lanka,LKA,2013,0.0
Sri Lanka,LKA,2014,0.0
Sri Lanka,LKA,2015,0.0
Sri Lanka,LKA,2016,0.0
Sri Lanka,LKA,2017,0.0
Sri Lanka,LKA,2018,0.0
Sri Lanka,LKA,2019,0.0
Sri Lanka,LKA,2020,0.0
Sudan,SDN,2000,553.0
Sudan,SDN,2001,2.0
Sudan,SDN,2002,0.0
Sudan,SDN,2003,0.0
Sudan,SDN,2004,140.97
Sudan,SDN,2005,29.97
Sudan,SDN,2006,0.0
Sudan,SDN,2007,1.11
Sudan,SDN,2008,28.86
Sudan,SDN,2009,49.95
Sudan,SDN,2010,0.0
Sudan,SDN,2011,0.0
Sudan,SDN,2012,0.0
Sudan,SDN,2013,0.0
Sudan,SDN,2014,0.0
Sudan,SDN,2015,0.0
Sudan,SDN,2016,0.0
Sudan,SDN,2017,0.0
Sudan,SDN,2018,0.0
Sudan,SDN,2019,0.0
Sudan,SDN,2020,65.49
Suriname,SUR,2000,0.0
Sweden,SWE,2000,0.0
Sweden,SWE,2001,0.0
Sweden,SWE,2002,0.0
Sweden,SWE,2003,0.0
Sweden,SWE,2004,0.0
Sweden,SWE,2005,0.0
Sweden,SWE,2006,0.0
Sweden,SWE,2007,0.0
Sweden,SWE,2008,0.0
Sweden,SWE,2009,0.0
Sweden,SWE,2010,0.0
Sweden,SWE,2011,0.0
Sweden,SWE,2012,0.0
Sweden,SWE,2013,0.0
Sweden,SWE,2014,0.0
Sweden,SWE,2015,0.0
Sweden,SWE,2016,0.0
Sweden,SWE,2017,0.0
Sweden,SWE,2018,0.0
Sweden,SWE,2019,0.0
Sweden,SWE,2020,0.0
Switzerland,CHE,2000,0.0
Switzerland,CHE,2001,0.0
Switzerland,CHE,2002,0.0
Switzerland,CHE,2003,0.0
Switzerland,CHE,2004,0.0
Switzerland,CHE,2005,0.0
Switzerland,CHE,2006,0.0
Switzerland,CHE,2007,0.0
Switzerland,CHE,2008,0.0
Switzerland,CHE,2009,0.0
Switzerland,CHE,2010,0.0
Switzerland,CHE,2011,0.0
Switzerland,CHE,2012,0.0
Switzerland,CHE,2013,0.0
Switzerland,CHE,2014,0.0
Switzerland,CHE,2015,0.0
Switzerland,CHE,2016,0.0
Switzerland,CHE,2017,0.0
Switzerland,CHE,2018,0.0
Switzerland,CHE,2019,0.0
Switzerland,CHE,2020,0.0
Syria,SYR,2000,0.0
Syria,SYR,2001,0.0
Syria,SYR,2002,0.0
Syria,SYR,2003,0.0
Syria,SYR,2004,0.0
Syria,SYR,2005,0.0
Syria,SYR,2006,0.0
Syria,SYR,2007,0.0
Syria,SYR,2008,0.0
Syria,SYR,2009,0.0
Syria,SYR,2010,0.0
Syria,SYR,2011,0.0
Syria,SYR,2012,0.0
Syria,SYR,2013,70.0
Syria,SYR,2014,1.11
Syria,SYR,2015,0.0
Syria,SYR,2016,0.0
Syria,SYR,2017,82.14
Syria,SYR,2018,0.0
Syria,SYR,2019,0.0
Syria,SYR,2020,0.0
Tajikistan,TJK,2000,0.0
Tajikistan,TJK,2001,0.0
Tajikistan,TJK,2002,0.0
Tajikistan,TJK,2003,0.0
Tajikistan,TJK,2004,0.0
Tajikistan,TJK,2005,0.0
Tajikistan,TJK,2006,0.0
Tajikistan,TJK,2007,0.0
Tajikistan,TJK,2008,0.0
Tajikistan,TJK,2009,0.0
Tajikistan,TJK,2010,510.6
Tajikistan,TJK,2011,0.0
Tajikistan,TJK,2012,0.0
Tajikistan,TJK,2013,0.0
Tajikistan,TJK,2014,0.0
Tajikistan,TJK,2015,0.0
Tajikistan,TJK,2016,0.0
Tajikistan,TJK,2017,0.0
Tajikistan,TJK,2018,0.0
Tajikistan,TJK,2019,0.0
Tajikistan,TJK,2020,1.11
Tanzania,TZA,2000,0.0
Tanzania,TZA,2001,0.0
Tanzania,TZA,2002,0.0
Tanzania,TZA,2003,0.0
Tanzania,TZA,2004,0.0
Tanzania,TZA,2005,0.0
Tanzania,TZA,2006,0.0
Tanzania,TZA,2007,0.0
Tanzania,TZA,2008,0.0
Tanzania,TZA,2009,0.0
Tanzania,TZA,2010,0.0
Tanzania,TZA,2011,0.0
Tanzania,TZA,2012,0.0
Tanzania,TZA,2013,0.0
Tanzania,TZA,2014,0.0
Tanzania,TZA,2015,0.0
Tanzania,TZA,2016,0.0
Tanzania,TZA,2017,0.0
Tanzania,TZA,2018,0.0
Tanzania,TZA,2019,0.0
Tanzania,TZA,2020,0.0
Thailand,THA,2000,140.0
Thailand,THA,2001,0.0
Thailand,THA,2002,0.0
Thailand,THA,2003,0.0
Thailand,THA,2004,0.0
Thailand,THA,2005,0.0
Thailand,THA,2006,0.0
Thailand,THA,2007,0.0
Thailand,THA,2008,0.0
Thailand,THA,2009,0.0
Thailand,THA,2010,0.0
Thailand,THA,2011,0.0
Thailand,THA,2012,0.0
Thailand,THA,2013,0.0
Thailand,THA,2014,0.0
Thailand,THA,2015,0.0
Thailand,THA,2016,0.0
Thailand,THA,2017,0.0
Thailand,THA,2018,0.0
Thailand,THA,2019,0.0
Thailand,THA,2020,0.0
Togo,TGO,2000,0.0
Togo,TGO,2001,0.0
Togo,TGO,2002,0.0
Togo,TGO,2003,1.11
Togo,TGO,2004,0.0
Togo,TGO,2005,0.0
Togo,TGO,2006,0.0
Togo,TGO,2007,0.0
Togo,TGO,2008,3.33
Togo,TGO,2009,6.66
Togo,TGO,2010,0.0
Togo,TGO,2011,0.0
Togo,TGO,2012,0.0
Togo,TGO,2013,0.0
Togo,TGO,2014,0.0
Togo,TGO,2015,0.0
Togo,TGO,2016,0.0
Togo,TGO,2017,0.0
Togo,TGO,2018,0.0
Togo,TGO,2019,16.0
Togo,TGO,2020,18.0
Tonga,TON,2000,0.0
Trinidad and Tobago,TTO,2000,0.0
Tunisia,TUN,2000,0.0
Tunisia,TUN,2001,0.0
Tunisia,TUN,2002,0.0
Tunisia,TUN,2003,0.0
Tunisia,TUN,2004,0.0
Tunisia,TUN,2005,0.0
Tunisia,TUN,2006,0.0
Tunisia,TUN,2007,0.0
Tunisia,TUN,2008,0.0
Tunisia,TUN,2009,0.0
Tunisia,TUN,2010,0.0
Tunisia,TUN,2011,0.0
Tunisia,TUN,2012,0.0
Tunisia,TUN,2013,0.0
Tunisia,TUN,2014,0.0
Tunisia,TUN,2015,0.0
Tunisia,TUN,2016,0.0
Tunisia,TUN,2017,0.0
Tunisia,TUN,2018,0.0
Tunisia,TUN,2019,0.0
Tunisia,TUN,2020,0.0
Turkey,TUR,2000,0.0
Turkey,TUR,2001,0.0
Turkey,TUR,2002,0.0
Turkey,TUR,2003,0.0
Turkey,TUR,2004,0.0
Turkey,TUR,2005,0.0
Turkey,TUR,2006,0.0
Turkey,TUR,2007,0.0
Turkey,TUR,2008,0.0
Turkey,TUR,2009,0.0
Turkey,TUR,2010,0.0
Turkey,TUR,2011,0.0
Turkey,TUR,2012,0.0
Turkey,TUR,2013,0.0
Turkey,TUR,2014,0.0
Turkey,TUR,2015,0.0
Turkey,TUR,2016,0.0
Turkey,TUR,2017,0.0
Turkey,TUR,2018,0.0
Turkey,TUR,2019,0.0
Turkey,TUR,2020,0.0
Turkmenistan,TKM,2000,0.0
Turkmenistan,TKM,2001,0.0
Turkmenistan,TKM,2002,0.0
Turkmenistan,TKM,2003,0.0
Turkmenistan,TKM,2004,0.0
Turkmenistan,TKM,2005,0.0
Turkmenistan,TKM,2006,0.0
Turkmenistan,TKM,2007,0.0
Turkmenistan,TKM,2008,0.0
Turkmenistan,TKM,2009,0.0
Turkmenistan,TKM,2010,3.33
Turkmenistan,TKM,2011,0.0
Turkmenistan,TKM,2012,0.0
Turkmenistan,TKM,2013,0.0
Turkmenistan,TKM,2014,0.0
Turkmenistan,TKM,2015,0.0
Turkmenistan,TKM,2016,0.0
Turkmenistan,TKM,2017,0.0
Turkmenistan,TKM,2018,0.0
Turkmenistan,TKM,2019,0.0
Turkmenistan,TKM,2020,0.0
Tuvalu,TUV,2000,0.0
Uganda,UGA,2000,0.0
Uganda,UGA,2001,0.0
Uganda,UGA,2002,0.0
Uganda,UGA,2003,0.0
Uganda,UGA,2004,0.0
Uganda,UGA,2005,0.0
Uganda,UGA,2006,0.0
Uganda,UGA,2007,0.0
Uganda,UGA,2008,0.0
Uganda,UGA,2009,8.88
Uganda,UGA,2010,4.44
Uganda,UGA,2011,0.0
Uganda,UGA,2012,0.0
Uganda,UGA,2013,0.0
Uganda,UGA,2014,0.0
Uganda,UGA,2015,0.0
Uganda,UGA,2016,0.0
Uganda,UGA,2017,0.0
Uganda,UGA,2018,0.0
Uganda,UGA,2019,0.0
Uganda,UGA,2020,0.0
Ukraine,UKR,2000,0.0
Ukraine,UKR,2001,0.0
Ukraine,UKR,2002,0.0
Ukraine,UKR,2003,0.0
Ukraine,UKR,2004,0.0
Ukraine,UKR,2005,0.0
Ukraine,UKR,2006,0.0
Ukraine,UKR,2007,0.0
Ukraine,UKR,2008,0.0
Ukraine,UKR,2009,0.0
Ukraine,UKR,2010,0.0
Ukraine,UKR,2011,0.0
Ukraine,UKR,2012,0.0
Ukraine,UKR,2013,0.0
Ukraine,UKR,2014,0.0
Ukraine,UKR,2015,2.22
Ukraine,UKR,2016,0.0
Ukraine,UKR,2017,0.0
Ukraine,UKR,2018,0.0
Ukraine,UKR,2019,0.0
Ukraine,UKR,2020,0.0
United Arab Emirates,ARE,2000,0.0
United Arab Emirates,ARE,2001,0.0
United Arab Emirates,ARE,2002,0.0
United Arab Emirates,ARE,2003,0.0
United Arab Emirates,ARE,2004,0.0
United Arab Emirates,ARE,2005,0.0
United Arab Emirates,ARE,2006,0.0
United Arab Emirates,ARE,2007,0.0
United Arab Emirates,ARE,2008,0.0
United Arab Emirates,ARE,2009,0.0
United Arab Emirates,ARE,2010,0.0
United Arab Emirates,ARE,2011,0.0
United Arab Emirates,ARE,2012,0.0
United Arab Emirates,ARE,2013,0.0
United Arab Emirates,ARE,2014,0.0
United Arab Emirates,ARE,2015,0.0
United Arab Emirates,ARE,2016,0.0
United Arab Emirates,ARE,2017,0.0
United Arab Emirates,ARE,2018,0.0
United Arab Emirates,ARE,2019,0.0
United Arab Emirates,ARE,2020,0.0
United Kingdom,GBR,2000,0.0
United Kingdom,GBR,2001,0.0
United Kingdom,GBR,2002,0.0
United Kingdom,GBR,2003,0.0
United Kingdom,GBR,2004,0.0
United Kingdom,GBR,2005,0.0
United Kingdom,GBR,2006,0.0
United Kingdom,GBR,2007,0.0
United Kingdom,GBR,2008,0.0
United Kingdom,GBR,2009,0.0
United Kingdom,GBR,2010,0.0
United Kingdom,GBR,2011,0.0
United Kingdom,GBR,2012,0.0
United Kingdom,GBR,2013,0.0
United Kingdom,GBR,2014,0.0
United Kingdom,GBR,2015,0.0
United Kingdom,GBR,2016,0.0
United Kingdom,GBR,2017,0.0
United Kingdom,GBR,2018,0.0
United Kingdom,GBR,2019,0.0
United Kingdom,GBR,2020,0.0
United States,USA,2000,0.0
United States,USA,2001,0.0
United States,USA,2002,0.0
United States,USA,2003,0.0
United States,USA,2004,0.0
United States,USA,2005,0.0
United States,USA,2006,0.0
United States,USA,2007,0.0
United States,USA,2008,0.0
United States,USA,2009,0.0
United States,USA,2010,0.0
United States,USA,2011,0.0
United States,USA,2012,0.0
United States,USA,2013,0.0
United States,USA,2014,0.0
United States,USA,2015,0.0
United States,USA,2016,0.0
United States,USA,2017,0.0
United States,USA,2018,0.0
United States,USA,2019,0.0
United States,USA,2020,0.0
Uruguay,URY,2000,0.0
Uruguay,URY,2001,0.0
Uruguay,URY,2002,0.0
Uruguay,URY,2003,0.0
Uruguay,URY,2004,0.0
Uruguay,URY,2005,0.0
Uruguay,URY,2006,0.0
Uruguay,URY,2007,0.0
Uruguay,URY,2008,0.0
Uruguay,URY,2009,0.0
Uruguay,URY,2010,0.0
Uruguay,URY,2011,0.0
Uruguay,URY,2012,0.0
Uruguay,URY,2013,0.0
Uruguay,URY,2014,0.0
Uruguay,URY,2015,0.0
Uruguay,URY,2016,0.0
Uruguay,URY,2017,0.0
Uruguay,URY,2018,0.0
Uruguay,URY,2019,0.0
Uruguay,URY,2020,0.0
Uzbekistan,UZB,2000,0.0
Uzbekistan,UZB,2001,0.0
Uzbekistan,UZB,2002,0.0
Uzbekistan,UZB,2003,0.0
Uzbekistan,UZB,2004,0.0
Uzbekistan,UZB,2005,0.0
Uzbekistan,UZB,2006,0.0
Uzbekistan,UZB,2007,0.0
Uzbekistan,UZB,2008,0.0
Uzbekistan,UZB,2009,0.0
Uzbekistan,UZB,2010,0.0
Uzbekistan,UZB,2011,0.0
Uzbekistan,UZB,2012,0.0
Uzbekistan,UZB,2013,0.0
Uzbekistan,UZB,2014,0.0
Uzbekistan,UZB,2015,0.0
Uzbekistan,UZB,2016,0.0
Uzbekistan,UZB,2017,0.0
Uzbekistan,UZB,2018,0.0
Uzbekistan,UZB,2019,0.0
Uzbekistan,UZB,2020,0.0
Vanuatu,VUT,2000,0.0
Venezuela,VEN,2000,0.0
Venezuela,VEN,2001,0.0
Venezuela,VEN,2002,0.0
Venezuela,VEN,2003,0.0
Venezuela,VEN,2004,0.0
Venezuela,VEN,2005,0.0
Venezuela,VEN,2006,0.0
Venezuela,VEN,2007,0.0
Venezuela,VEN,2008,0.0
Venezuela,VEN,2009,0.0
Venezuela,VEN,2010,0.0
Venezuela,VEN,2011,0.0
Venezuela,VEN,2012,0.0
Venezuela,VEN,2013,0.0
Venezuela,VEN,2014,0.0
Venezuela,VEN,2015,0.0
Venezuela,VEN,2016,0.0
Venezuela,VEN,2017,0.0
Venezuela,VEN,2018,0.0
Venezuela,VEN,2019,0.0
Venezuela,VEN,2020,0.0
Vietnam,VNM,2000,0.0
Vietnam,VNM,2001,0.0
Vietnam,VNM,2002,0.0
Vietnam,VNM,2003,0.0
Vietnam,VNM,2004,0.0
Vietnam,VNM,2005,0.0
Vietnam,VNM,2006,0.0
Vietnam,VNM,2007,0.0
Vietnam,VNM,2008,0.0
Vietnam,VNM,2009,0.0
Vietnam,VNM,2010,0.0
Vietnam,VNM,2011,0.0
Vietnam,VNM,2012,0.0
Vietnam,VNM,2013,0.0
Vietnam,VNM,2014,0.0
Vietnam,VNM,2015,0.0
Vietnam,VNM,2016,0.0
Vietnam,VNM,2017,0.0
Vietnam,VNM,2018,0.0
Vietnam,VNM,2019,0.0
Vietnam,VNM,2020,0.0
World,OWID_WRL,2000,20797.0
World,OWID_WRL,2001,3472.0
World,OWID_WRL,2002,13454.0
World,OWID_WRL,2003,5488.0
World,OWID_WRL,2004,8799.0
World,OWID_WRL,2005,14210.0
World,OWID_WRL,2006,14154.0
World,OWID_WRL,2007,9709.0
World,OWID_WRL,2008,12152.0
World,OWID_WRL,2009,12509.0
World,OWID_WRL,2010,9884.0
World,OWID_WRL,2011,5012.0
World,OWID_WRL,2012,2051.0
World,OWID_WRL,2013,3367.0
World,OWID_WRL,2014,2905.0
World,OWID_WRL,2015,742.0
World,OWID_WRL,2016,294.0
World,OWID_WRL,2017,826.0
World,OWID_WRL,2018,966.0
World,OWID_WRL,2019,3878.0
World,OWID_WRL,2020,8771.0
Yemen,YEM,2000,0.0
Yemen,YEM,2001,0.0
Yemen,YEM,2002,0.0
Yemen,YEM,2003,0.0
Yemen,YEM,2004,0.0
Yemen,YEM,2005,956.0
Yemen,YEM,2006,1.11
Yemen,YEM,2007,0.0
Yemen,YEM,2008,0.0
Yemen,YEM,2009,0.0
Yemen,YEM,2010,0.0
Yemen,YEM,2011,9.99
Yemen,YEM,2012,2.22
Yemen,YEM,2013,1.11
Yemen,YEM,2014,0.0
Yemen,YEM,2015,0.0
Yemen,YEM,2016,0.0
Yemen,YEM,2017,0.0
Yemen,YEM,2018,0.0
Yemen,YEM,2019,1.11
Yemen,YEM,2020,34.41
Zambia,ZMB,2000,0.0
Zambia,ZMB,2001,6.0
Zambia,ZMB,2002,4.0
Zambia,ZMB,2003,0.0
Zambia,ZMB,2004,0.0
Zambia,ZMB,2005,0.0
Zambia,ZMB,2006,0.0
Zambia,ZMB,2007,0.0
Zambia,ZMB,2008,0.0
Zambia,ZMB,2009,0.0
Zambia,ZMB,2010,0.0
Zambia,ZMB,2011,0.0
Zambia,ZMB,2012,0.0
Zambia,ZMB,2013,0.0
Zambia,ZMB,2014,0.0
Zambia,ZMB,2015,0.0
Zambia,ZMB,2016,0.0
Zambia,ZMB,2017,0.0
Zambia,ZMB,2018,0.0
Zambia,ZMB,2019,2.22
Zambia,ZMB,2020,0.0
Zimbabwe,ZWE,2000,0.0
Zimbabwe,ZWE,2001,0.0
Zimbabwe,ZWE,2002,0.0
Zimbabwe,ZWE,2003,0.0
Zimbabwe,ZWE,2004,0.0
Zimbabwe,ZWE,2005,0.0
Zimbabwe,ZWE,2006,0.0
Zimbabwe,ZWE,2007,0.0
Zimbabwe,ZWE,2008,0.0
Zimbabwe,ZWE,2009,0.0
Zimbabwe,ZWE,2010,0.0
Zimbabwe,ZWE,2011,0.0
Zimbabwe,ZWE,2012,0.0
Zimbabwe,ZWE,2013,0.0
Zimbabwe,ZWE,2014,0.0
Zimbabwe,ZWE,2015,0.0
Zimbabwe,ZWE,2016,0.0
Zimbabwe,ZWE,2017,0.0
Zimbabwe,ZWE,2018,0.0
Zimbabwe,ZWE,2019,0.0
Zimbabwe,ZWE,2020,0.0
